file_name	label_id
train_0.jpg	1
train_1.jpg	5
train_2.jpg	1
train_3.jpg	6
train_4.jpg	3
train_5.jpg	9
train_6.jpg	7
train_7.jpg	4
train_8.jpg	5
train_9.jpg	8
train_10.jpg	0
train_11.jpg	6
train_12.jpg	0
train_13.jpg	8
train_14.jpg	7
train_15.jpg	6
train_16.jpg	4
train_17.jpg	6
train_18.jpg	2
train_19.jpg	2
train_20.jpg	1
train_21.jpg	1
train_22.jpg	6
train_23.jpg	2
train_24.jpg	1
train_25.jpg	8
train_26.jpg	5
train_27.jpg	1
train_28.jpg	5
train_29.jpg	5
train_30.jpg	0
train_31.jpg	0
train_32.jpg	0
train_33.jpg	1
train_34.jpg	3
train_35.jpg	6
train_36.jpg	7
train_37.jpg	2
train_38.jpg	1
train_39.jpg	3
train_40.jpg	1
train_41.jpg	6
train_42.jpg	1
train_43.jpg	3
train_44.jpg	7
train_45.jpg	4
train_46.jpg	3
train_47.jpg	0
train_48.jpg	6
train_49.jpg	7
train_50.jpg	6
train_51.jpg	5
train_52.jpg	8
train_53.jpg	0
train_54.jpg	6
train_55.jpg	1
train_56.jpg	3
train_57.jpg	6
train_58.jpg	8
train_59.jpg	2
train_60.jpg	2
train_61.jpg	9
train_62.jpg	9
train_63.jpg	5
train_64.jpg	1
train_65.jpg	7
train_66.jpg	8
train_67.jpg	7
train_68.jpg	8
train_69.jpg	8
train_70.jpg	9
train_71.jpg	0
train_72.jpg	5
train_73.jpg	0
train_74.jpg	2
train_75.jpg	5
train_76.jpg	5
train_77.jpg	7
train_78.jpg	8
train_79.jpg	9
train_80.jpg	5
train_81.jpg	0
train_82.jpg	8
train_83.jpg	3
train_84.jpg	2
train_85.jpg	9
train_86.jpg	6
train_87.jpg	5
train_88.jpg	8
train_89.jpg	3
train_90.jpg	7
train_91.jpg	9
train_92.jpg	6
train_93.jpg	6
train_94.jpg	6
train_95.jpg	1
train_96.jpg	0
train_97.jpg	5
train_98.jpg	0
train_99.jpg	5
train_100.jpg	2
train_101.jpg	7
train_102.jpg	1
train_103.jpg	0
train_104.jpg	0
train_105.jpg	8
train_106.jpg	0
train_107.jpg	4
train_108.jpg	2
train_109.jpg	4
train_110.jpg	3
train_111.jpg	2
train_112.jpg	4
train_113.jpg	5
train_114.jpg	1
train_115.jpg	2
train_116.jpg	4
train_117.jpg	4
train_118.jpg	9
train_119.jpg	0
train_120.jpg	5
train_121.jpg	2
train_122.jpg	5
train_123.jpg	7
train_124.jpg	0
train_125.jpg	5
train_126.jpg	3
train_127.jpg	3
train_128.jpg	6
train_129.jpg	3
train_130.jpg	6
train_131.jpg	4
train_132.jpg	8
train_133.jpg	3
train_134.jpg	1
train_135.jpg	3
train_136.jpg	7
train_137.jpg	4
train_138.jpg	6
train_139.jpg	0
train_140.jpg	9
train_141.jpg	5
train_142.jpg	2
train_143.jpg	9
train_144.jpg	2
train_145.jpg	8
train_146.jpg	8
train_147.jpg	6
train_148.jpg	1
train_149.jpg	9
train_150.jpg	8
train_151.jpg	2
train_152.jpg	0
train_153.jpg	1
train_154.jpg	2
train_155.jpg	7
train_156.jpg	5
train_157.jpg	7
train_158.jpg	8
train_159.jpg	7
train_160.jpg	2
train_161.jpg	2
train_162.jpg	7
train_163.jpg	8
train_164.jpg	8
train_165.jpg	9
train_166.jpg	2
train_167.jpg	7
train_168.jpg	4
train_169.jpg	3
train_170.jpg	5
train_171.jpg	6
train_172.jpg	7
train_173.jpg	1
train_174.jpg	6
train_175.jpg	9
train_176.jpg	1
train_177.jpg	9
train_178.jpg	2
train_179.jpg	7
train_180.jpg	9
train_181.jpg	4
train_182.jpg	1
train_183.jpg	0
train_184.jpg	4
train_185.jpg	4
train_186.jpg	2
train_187.jpg	4
train_188.jpg	4
train_189.jpg	6
train_190.jpg	7
train_191.jpg	3
train_192.jpg	3
train_193.jpg	1
train_194.jpg	3
train_195.jpg	5
train_196.jpg	4
train_197.jpg	2
train_198.jpg	0
train_199.jpg	7
train_200.jpg	0
train_201.jpg	4
train_202.jpg	7
train_203.jpg	0
train_204.jpg	7
train_205.jpg	9
train_206.jpg	0
train_207.jpg	7
train_208.jpg	1
train_209.jpg	4
train_210.jpg	2
train_211.jpg	7
train_212.jpg	6
train_213.jpg	8
train_214.jpg	5
train_215.jpg	5
train_216.jpg	2
train_217.jpg	6
train_218.jpg	9
train_219.jpg	7
train_220.jpg	5
train_221.jpg	5
train_222.jpg	9
train_223.jpg	1
train_224.jpg	4
train_225.jpg	8
train_226.jpg	8
train_227.jpg	5
train_228.jpg	5
train_229.jpg	6
train_230.jpg	9
train_231.jpg	3
train_232.jpg	4
train_233.jpg	4
train_234.jpg	2
train_235.jpg	5
train_236.jpg	0
train_237.jpg	4
train_238.jpg	6
train_239.jpg	1
train_240.jpg	7
train_241.jpg	0
train_242.jpg	3
train_243.jpg	8
train_244.jpg	1
train_245.jpg	2
train_246.jpg	0
train_247.jpg	8
train_248.jpg	5
train_249.jpg	1
train_250.jpg	7
train_251.jpg	4
train_252.jpg	9
train_253.jpg	9
train_254.jpg	4
train_255.jpg	1
train_256.jpg	1
train_257.jpg	0
train_258.jpg	4
train_259.jpg	2
train_260.jpg	8
train_261.jpg	9
train_262.jpg	0
train_263.jpg	7
train_264.jpg	6
train_265.jpg	4
train_266.jpg	8
train_267.jpg	8
train_268.jpg	7
train_269.jpg	4
train_270.jpg	5
train_271.jpg	6
train_272.jpg	4
train_273.jpg	8
train_274.jpg	8
train_275.jpg	6
train_276.jpg	5
train_277.jpg	1
train_278.jpg	4
train_279.jpg	7
train_280.jpg	3
train_281.jpg	1
train_282.jpg	7
train_283.jpg	7
train_284.jpg	4
train_285.jpg	7
train_286.jpg	2
train_287.jpg	2
train_288.jpg	4
train_289.jpg	1
train_290.jpg	3
train_291.jpg	6
train_292.jpg	1
train_293.jpg	4
train_294.jpg	6
train_295.jpg	7
train_296.jpg	0
train_297.jpg	4
train_298.jpg	5
train_299.jpg	8
train_300.jpg	0
train_301.jpg	2
train_302.jpg	3
train_303.jpg	2
train_304.jpg	2
train_305.jpg	5
train_306.jpg	9
train_307.jpg	2
train_308.jpg	6
train_309.jpg	3
train_310.jpg	1
train_311.jpg	8
train_312.jpg	7
train_313.jpg	5
train_314.jpg	8
train_315.jpg	5
train_316.jpg	5
train_317.jpg	5
train_318.jpg	6
train_319.jpg	9
train_320.jpg	8
train_321.jpg	1
train_322.jpg	5
train_323.jpg	4
train_324.jpg	0
train_325.jpg	3
train_326.jpg	3
train_327.jpg	3
train_328.jpg	0
train_329.jpg	5
train_330.jpg	0
train_331.jpg	9
train_332.jpg	2
train_333.jpg	0
train_334.jpg	6
train_335.jpg	1
train_336.jpg	2
train_337.jpg	4
train_338.jpg	7
train_339.jpg	1
train_340.jpg	0
train_341.jpg	8
train_342.jpg	8
train_343.jpg	0
train_344.jpg	0
train_345.jpg	3
train_346.jpg	8
train_347.jpg	3
train_348.jpg	0
train_349.jpg	3
train_350.jpg	8
train_351.jpg	2
train_352.jpg	6
train_353.jpg	7
train_354.jpg	0
train_355.jpg	8
train_356.jpg	8
train_357.jpg	6
train_358.jpg	6
train_359.jpg	4
train_360.jpg	6
train_361.jpg	9
train_362.jpg	4
train_363.jpg	7
train_364.jpg	8
train_365.jpg	5
train_366.jpg	5
train_367.jpg	7
train_368.jpg	0
train_369.jpg	1
train_370.jpg	8
train_371.jpg	8
train_372.jpg	1
train_373.jpg	1
train_374.jpg	2
train_375.jpg	8
train_376.jpg	4
train_377.jpg	3
train_378.jpg	5
train_379.jpg	7
train_380.jpg	1
train_381.jpg	9
train_382.jpg	4
train_383.jpg	5
train_384.jpg	1
train_385.jpg	6
train_386.jpg	6
train_387.jpg	6
train_388.jpg	4
train_389.jpg	7
train_390.jpg	6
train_391.jpg	0
train_392.jpg	8
train_393.jpg	5
train_394.jpg	4
train_395.jpg	8
train_396.jpg	9
train_397.jpg	0
train_398.jpg	2
train_399.jpg	6
train_400.jpg	2
train_401.jpg	7
train_402.jpg	4
train_403.jpg	9
train_404.jpg	7
train_405.jpg	6
train_406.jpg	3
train_407.jpg	5
train_408.jpg	0
train_409.jpg	5
train_410.jpg	4
train_411.jpg	7
train_412.jpg	0
train_413.jpg	7
train_414.jpg	9
train_415.jpg	6
train_416.jpg	1
train_417.jpg	8
train_418.jpg	2
train_419.jpg	2
train_420.jpg	2
train_421.jpg	1
train_422.jpg	0
train_423.jpg	9
train_424.jpg	5
train_425.jpg	1
train_426.jpg	9
train_427.jpg	2
train_428.jpg	7
train_429.jpg	2
train_430.jpg	0
train_431.jpg	9
train_432.jpg	1
train_433.jpg	6
train_434.jpg	4
train_435.jpg	5
train_436.jpg	5
train_437.jpg	0
train_438.jpg	6
train_439.jpg	2
train_440.jpg	7
train_441.jpg	2
train_442.jpg	3
train_443.jpg	2
train_444.jpg	0
train_445.jpg	5
train_446.jpg	8
train_447.jpg	7
train_448.jpg	8
train_449.jpg	8
train_450.jpg	5
train_451.jpg	5
train_452.jpg	5
train_453.jpg	8
train_454.jpg	7
train_455.jpg	3
train_456.jpg	9
train_457.jpg	1
train_458.jpg	9
train_459.jpg	1
train_460.jpg	0
train_461.jpg	6
train_462.jpg	3
train_463.jpg	6
train_464.jpg	1
train_465.jpg	6
train_466.jpg	0
train_467.jpg	5
train_468.jpg	2
train_469.jpg	7
train_470.jpg	7
train_471.jpg	1
train_472.jpg	8
train_473.jpg	6
train_474.jpg	7
train_475.jpg	6
train_476.jpg	3
train_477.jpg	7
train_478.jpg	0
train_479.jpg	9
train_480.jpg	1
train_481.jpg	8
train_482.jpg	5
train_483.jpg	8
train_484.jpg	8
train_485.jpg	9
train_486.jpg	4
train_487.jpg	0
train_488.jpg	9
train_489.jpg	1
train_490.jpg	5
train_491.jpg	2
train_492.jpg	4
train_493.jpg	3
train_494.jpg	7
train_495.jpg	5
train_496.jpg	1
train_497.jpg	6
train_498.jpg	2
train_499.jpg	4
train_500.jpg	5
train_501.jpg	8
train_502.jpg	2
train_503.jpg	2
train_504.jpg	9
train_505.jpg	3
train_506.jpg	3
train_507.jpg	7
train_508.jpg	5
train_509.jpg	2
train_510.jpg	3
train_511.jpg	8
train_512.jpg	2
train_513.jpg	2
train_514.jpg	9
train_515.jpg	9
train_516.jpg	0
train_517.jpg	3
train_518.jpg	9
train_519.jpg	9
train_520.jpg	5
train_521.jpg	2
train_522.jpg	0
train_523.jpg	5
train_524.jpg	1
train_525.jpg	9
train_526.jpg	5
train_527.jpg	3
train_528.jpg	6
train_529.jpg	3
train_530.jpg	8
train_531.jpg	1
train_532.jpg	3
train_533.jpg	8
train_534.jpg	4
train_535.jpg	5
train_536.jpg	8
train_537.jpg	8
train_538.jpg	6
train_539.jpg	9
train_540.jpg	7
train_541.jpg	1
train_542.jpg	9
train_543.jpg	2
train_544.jpg	4
train_545.jpg	1
train_546.jpg	1
train_547.jpg	6
train_548.jpg	2
train_549.jpg	6
train_550.jpg	7
train_551.jpg	6
train_552.jpg	7
train_553.jpg	0
train_554.jpg	1
train_555.jpg	1
train_556.jpg	4
train_557.jpg	1
train_558.jpg	0
train_559.jpg	9
train_560.jpg	8
train_561.jpg	7
train_562.jpg	0
train_563.jpg	2
train_564.jpg	2
train_565.jpg	9
train_566.jpg	7
train_567.jpg	1
train_568.jpg	1
train_569.jpg	5
train_570.jpg	6
train_571.jpg	9
train_572.jpg	5
train_573.jpg	9
train_574.jpg	0
train_575.jpg	9
train_576.jpg	2
train_577.jpg	0
train_578.jpg	4
train_579.jpg	0
train_580.jpg	5
train_581.jpg	2
train_582.jpg	7
train_583.jpg	3
train_584.jpg	3
train_585.jpg	0
train_586.jpg	8
train_587.jpg	8
train_588.jpg	3
train_589.jpg	6
train_590.jpg	0
train_591.jpg	2
train_592.jpg	0
train_593.jpg	7
train_594.jpg	3
train_595.jpg	2
train_596.jpg	1
train_597.jpg	3
train_598.jpg	2
train_599.jpg	3
train_600.jpg	8
train_601.jpg	5
train_602.jpg	6
train_603.jpg	6
train_604.jpg	5
train_605.jpg	6
train_606.jpg	0
train_607.jpg	8
train_608.jpg	4
train_609.jpg	9
train_610.jpg	2
train_611.jpg	8
train_612.jpg	9
train_613.jpg	9
train_614.jpg	1
train_615.jpg	0
train_616.jpg	1
train_617.jpg	5
train_618.jpg	5
train_619.jpg	4
train_620.jpg	4
train_621.jpg	3
train_622.jpg	0
train_623.jpg	4
train_624.jpg	5
train_625.jpg	6
train_626.jpg	4
train_627.jpg	2
train_628.jpg	1
train_629.jpg	2
train_630.jpg	9
train_631.jpg	0
train_632.jpg	6
train_633.jpg	7
train_634.jpg	7
train_635.jpg	5
train_636.jpg	1
train_637.jpg	2
train_638.jpg	3
train_639.jpg	6
train_640.jpg	1
train_641.jpg	1
train_642.jpg	6
train_643.jpg	0
train_644.jpg	9
train_645.jpg	4
train_646.jpg	0
train_647.jpg	9
train_648.jpg	2
train_649.jpg	1
train_650.jpg	1
train_651.jpg	0
train_652.jpg	8
train_653.jpg	6
train_654.jpg	9
train_655.jpg	5
train_656.jpg	1
train_657.jpg	3
train_658.jpg	4
train_659.jpg	4
train_660.jpg	9
train_661.jpg	1
train_662.jpg	9
train_663.jpg	3
train_664.jpg	1
train_665.jpg	3
train_666.jpg	8
train_667.jpg	2
train_668.jpg	9
train_669.jpg	5
train_670.jpg	3
train_671.jpg	8
train_672.jpg	7
train_673.jpg	2
train_674.jpg	8
train_675.jpg	2
train_676.jpg	0
train_677.jpg	6
train_678.jpg	6
train_679.jpg	3
train_680.jpg	4
train_681.jpg	1
train_682.jpg	2
train_683.jpg	7
train_684.jpg	3
train_685.jpg	7
train_686.jpg	0
train_687.jpg	2
train_688.jpg	9
train_689.jpg	0
train_690.jpg	5
train_691.jpg	5
train_692.jpg	6
train_693.jpg	8
train_694.jpg	0
train_695.jpg	0
train_696.jpg	1
train_697.jpg	1
train_698.jpg	7
train_699.jpg	4
train_700.jpg	9
train_701.jpg	6
train_702.jpg	7
train_703.jpg	4
train_704.jpg	9
train_705.jpg	9
train_706.jpg	2
train_707.jpg	7
train_708.jpg	0
train_709.jpg	5
train_710.jpg	4
train_711.jpg	0
train_712.jpg	2
train_713.jpg	7
train_714.jpg	9
train_715.jpg	5
train_716.jpg	4
train_717.jpg	4
train_718.jpg	8
train_719.jpg	0
train_720.jpg	5
train_721.jpg	6
train_722.jpg	4
train_723.jpg	8
train_724.jpg	1
train_725.jpg	2
train_726.jpg	0
train_727.jpg	9
train_728.jpg	3
train_729.jpg	1
train_730.jpg	0
train_731.jpg	8
train_732.jpg	2
train_733.jpg	0
train_734.jpg	7
train_735.jpg	4
train_736.jpg	0
train_737.jpg	4
train_738.jpg	6
train_739.jpg	3
train_740.jpg	0
train_741.jpg	3
train_742.jpg	4
train_743.jpg	6
train_744.jpg	0
train_745.jpg	7
train_746.jpg	5
train_747.jpg	5
train_748.jpg	0
train_749.jpg	5
train_750.jpg	2
train_751.jpg	8
train_752.jpg	6
train_753.jpg	1
train_754.jpg	8
train_755.jpg	5
train_756.jpg	7
train_757.jpg	3
train_758.jpg	1
train_759.jpg	3
train_760.jpg	9
train_761.jpg	6
train_762.jpg	1
train_763.jpg	7
train_764.jpg	7
train_765.jpg	4
train_766.jpg	1
train_767.jpg	2
train_768.jpg	0
train_769.jpg	7
train_770.jpg	2
train_771.jpg	7
train_772.jpg	2
train_773.jpg	7
train_774.jpg	7
train_775.jpg	5
train_776.jpg	1
train_777.jpg	3
train_778.jpg	9
train_779.jpg	0
train_780.jpg	1
train_781.jpg	0
train_782.jpg	7
train_783.jpg	3
train_784.jpg	9
train_785.jpg	1
train_786.jpg	2
train_787.jpg	2
train_788.jpg	4
train_789.jpg	9
train_790.jpg	8
train_791.jpg	9
train_792.jpg	4
train_793.jpg	6
train_794.jpg	3
train_795.jpg	9
train_796.jpg	5
train_797.jpg	4
train_798.jpg	3
train_799.jpg	2
train_800.jpg	1
train_801.jpg	7
train_802.jpg	3
train_803.jpg	2
train_804.jpg	3
train_805.jpg	7
train_806.jpg	1
train_807.jpg	8
train_808.jpg	3
train_809.jpg	9
train_810.jpg	3
train_811.jpg	9
train_812.jpg	8
train_813.jpg	8
train_814.jpg	0
train_815.jpg	7
train_816.jpg	7
train_817.jpg	1
train_818.jpg	2
train_819.jpg	2
train_820.jpg	7
train_821.jpg	9
train_822.jpg	8
train_823.jpg	5
train_824.jpg	9
train_825.jpg	0
train_826.jpg	1
train_827.jpg	2
train_828.jpg	5
train_829.jpg	6
train_830.jpg	3
train_831.jpg	2
train_832.jpg	3
train_833.jpg	3
train_834.jpg	5
train_835.jpg	1
train_836.jpg	2
train_837.jpg	6
train_838.jpg	1
train_839.jpg	7
train_840.jpg	8
train_841.jpg	7
train_842.jpg	4
train_843.jpg	8
train_844.jpg	6
train_845.jpg	6
train_846.jpg	3
train_847.jpg	2
train_848.jpg	2
train_849.jpg	5
train_850.jpg	3
train_851.jpg	8
train_852.jpg	3
train_853.jpg	5
train_854.jpg	9
train_855.jpg	7
train_856.jpg	1
train_857.jpg	8
train_858.jpg	0
train_859.jpg	3
train_860.jpg	6
train_861.jpg	8
train_862.jpg	6
train_863.jpg	7
train_864.jpg	9
train_865.jpg	1
train_866.jpg	5
train_867.jpg	5
train_868.jpg	5
train_869.jpg	7
train_870.jpg	6
train_871.jpg	1
train_872.jpg	1
train_873.jpg	6
train_874.jpg	7
train_875.jpg	1
train_876.jpg	6
train_877.jpg	1
train_878.jpg	5
train_879.jpg	2
train_880.jpg	7
train_881.jpg	5
train_882.jpg	8
train_883.jpg	8
train_884.jpg	9
train_885.jpg	0
train_886.jpg	1
train_887.jpg	3
train_888.jpg	5
train_889.jpg	7
train_890.jpg	8
train_891.jpg	2
train_892.jpg	5
train_893.jpg	3
train_894.jpg	0
train_895.jpg	6
train_896.jpg	3
train_897.jpg	8
train_898.jpg	1
train_899.jpg	1
train_900.jpg	5
train_901.jpg	1
train_902.jpg	3
train_903.jpg	4
train_904.jpg	3
train_905.jpg	5
train_906.jpg	2
train_907.jpg	5
train_908.jpg	4
train_909.jpg	8
train_910.jpg	2
train_911.jpg	0
train_912.jpg	1
train_913.jpg	1
train_914.jpg	6
train_915.jpg	9
train_916.jpg	1
train_917.jpg	8
train_918.jpg	6
train_919.jpg	9
train_920.jpg	2
train_921.jpg	3
train_922.jpg	3
train_923.jpg	9
train_924.jpg	8
train_925.jpg	1
train_926.jpg	8
train_927.jpg	6
train_928.jpg	5
train_929.jpg	1
train_930.jpg	5
train_931.jpg	9
train_932.jpg	2
train_933.jpg	0
train_934.jpg	0
train_935.jpg	6
train_936.jpg	5
train_937.jpg	7
train_938.jpg	0
train_939.jpg	9
train_940.jpg	9
train_941.jpg	4
train_942.jpg	6
train_943.jpg	6
train_944.jpg	9
train_945.jpg	1
train_946.jpg	8
train_947.jpg	7
train_948.jpg	8
train_949.jpg	8
train_950.jpg	6
train_951.jpg	2
train_952.jpg	3
train_953.jpg	1
train_954.jpg	3
train_955.jpg	4
train_956.jpg	3
train_957.jpg	8
train_958.jpg	9
train_959.jpg	7
train_960.jpg	2
train_961.jpg	3
train_962.jpg	1
train_963.jpg	0
train_964.jpg	5
train_965.jpg	4
train_966.jpg	5
train_967.jpg	3
train_968.jpg	4
train_969.jpg	9
train_970.jpg	3
train_971.jpg	6
train_972.jpg	6
train_973.jpg	6
train_974.jpg	8
train_975.jpg	0
train_976.jpg	3
train_977.jpg	5
train_978.jpg	7
train_979.jpg	8
train_980.jpg	0
train_981.jpg	7
train_982.jpg	5
train_983.jpg	8
train_984.jpg	4
train_985.jpg	4
train_986.jpg	5
train_987.jpg	5
train_988.jpg	9
train_989.jpg	7
train_990.jpg	7
train_991.jpg	7
train_992.jpg	9
train_993.jpg	2
train_994.jpg	2
train_995.jpg	1
train_996.jpg	7
train_997.jpg	0
train_998.jpg	0
train_999.jpg	0
train_1000.jpg	2
train_1001.jpg	3
train_1002.jpg	1
train_1003.jpg	1
train_1004.jpg	1
train_1005.jpg	9
train_1006.jpg	0
train_1007.jpg	9
train_1008.jpg	3
train_1009.jpg	2
train_1010.jpg	7
train_1011.jpg	7
train_1012.jpg	0
train_1013.jpg	9
train_1014.jpg	8
train_1015.jpg	5
train_1016.jpg	9
train_1017.jpg	7
train_1018.jpg	1
train_1019.jpg	5
train_1020.jpg	3
train_1021.jpg	4
train_1022.jpg	9
train_1023.jpg	6
train_1024.jpg	5
train_1025.jpg	8
train_1026.jpg	1
train_1027.jpg	2
train_1028.jpg	3
train_1029.jpg	9
train_1030.jpg	0
train_1031.jpg	1
train_1032.jpg	7
train_1033.jpg	1
train_1034.jpg	3
train_1035.jpg	9
train_1036.jpg	6
train_1037.jpg	0
train_1038.jpg	1
train_1039.jpg	0
train_1040.jpg	1
train_1041.jpg	9
train_1042.jpg	4
train_1043.jpg	3
train_1044.jpg	2
train_1045.jpg	8
train_1046.jpg	2
train_1047.jpg	1
train_1048.jpg	5
train_1049.jpg	9
train_1050.jpg	3
train_1051.jpg	6
train_1052.jpg	1
train_1053.jpg	2
train_1054.jpg	1
train_1055.jpg	0
train_1056.jpg	0
train_1057.jpg	3
train_1058.jpg	6
train_1059.jpg	3
train_1060.jpg	4
train_1061.jpg	1
train_1062.jpg	5
train_1063.jpg	3
train_1064.jpg	9
train_1065.jpg	8
train_1066.jpg	2
train_1067.jpg	9
train_1068.jpg	2
train_1069.jpg	9
train_1070.jpg	9
train_1071.jpg	1
train_1072.jpg	9
train_1073.jpg	1
train_1074.jpg	2
train_1075.jpg	7
train_1076.jpg	4
train_1077.jpg	3
train_1078.jpg	3
train_1079.jpg	2
train_1080.jpg	9
train_1081.jpg	2
train_1082.jpg	5
train_1083.jpg	9
train_1084.jpg	3
train_1085.jpg	7
train_1086.jpg	4
train_1087.jpg	1
train_1088.jpg	1
train_1089.jpg	0
train_1090.jpg	0
train_1091.jpg	7
train_1092.jpg	5
train_1093.jpg	7
train_1094.jpg	5
train_1095.jpg	3
train_1096.jpg	6
train_1097.jpg	9
train_1098.jpg	6
train_1099.jpg	8
train_1100.jpg	3
train_1101.jpg	3
train_1102.jpg	6
train_1103.jpg	5
train_1104.jpg	1
train_1105.jpg	3
train_1106.jpg	0
train_1107.jpg	5
train_1108.jpg	2
train_1109.jpg	4
train_1110.jpg	4
train_1111.jpg	7
train_1112.jpg	4
train_1113.jpg	2
train_1114.jpg	6
train_1115.jpg	4
train_1116.jpg	8
train_1117.jpg	0
train_1118.jpg	2
train_1119.jpg	3
train_1120.jpg	1
train_1121.jpg	7
train_1122.jpg	4
train_1123.jpg	6
train_1124.jpg	0
train_1125.jpg	3
train_1126.jpg	8
train_1127.jpg	8
train_1128.jpg	6
train_1129.jpg	6
train_1130.jpg	2
train_1131.jpg	0
train_1132.jpg	9
train_1133.jpg	5
train_1134.jpg	1
train_1135.jpg	6
train_1136.jpg	0
train_1137.jpg	3
train_1138.jpg	7
train_1139.jpg	9
train_1140.jpg	5
train_1141.jpg	7
train_1142.jpg	6
train_1143.jpg	2
train_1144.jpg	6
train_1145.jpg	7
train_1146.jpg	3
train_1147.jpg	2
train_1148.jpg	8
train_1149.jpg	5
train_1150.jpg	9
train_1151.jpg	8
train_1152.jpg	0
train_1153.jpg	0
train_1154.jpg	3
train_1155.jpg	5
train_1156.jpg	3
train_1157.jpg	8
train_1158.jpg	2
train_1159.jpg	9
train_1160.jpg	3
train_1161.jpg	8
train_1162.jpg	1
train_1163.jpg	3
train_1164.jpg	6
train_1165.jpg	9
train_1166.jpg	1
train_1167.jpg	8
train_1168.jpg	2
train_1169.jpg	8
train_1170.jpg	0
train_1171.jpg	7
train_1172.jpg	8
train_1173.jpg	3
train_1174.jpg	9
train_1175.jpg	1
train_1176.jpg	4
train_1177.jpg	6
train_1178.jpg	3
train_1179.jpg	1
train_1180.jpg	9
train_1181.jpg	6
train_1182.jpg	0
train_1183.jpg	7
train_1184.jpg	2
train_1185.jpg	9
train_1186.jpg	8
train_1187.jpg	6
train_1188.jpg	1
train_1189.jpg	8
train_1190.jpg	8
train_1191.jpg	8
train_1192.jpg	4
train_1193.jpg	3
train_1194.jpg	1
train_1195.jpg	9
train_1196.jpg	8
train_1197.jpg	1
train_1198.jpg	6
train_1199.jpg	3
train_1200.jpg	3
train_1201.jpg	3
train_1202.jpg	8
train_1203.jpg	7
train_1204.jpg	6
train_1205.jpg	5
train_1206.jpg	8
train_1207.jpg	4
train_1208.jpg	9
train_1209.jpg	6
train_1210.jpg	2
train_1211.jpg	7
train_1212.jpg	4
train_1213.jpg	0
train_1214.jpg	8
train_1215.jpg	0
train_1216.jpg	5
train_1217.jpg	6
train_1218.jpg	5
train_1219.jpg	1
train_1220.jpg	5
train_1221.jpg	0
train_1222.jpg	0
train_1223.jpg	4
train_1224.jpg	7
train_1225.jpg	9
train_1226.jpg	4
train_1227.jpg	1
train_1228.jpg	2
train_1229.jpg	6
train_1230.jpg	4
train_1231.jpg	2
train_1232.jpg	1
train_1233.jpg	3
train_1234.jpg	9
train_1235.jpg	5
train_1236.jpg	1
train_1237.jpg	0
train_1238.jpg	3
train_1239.jpg	7
train_1240.jpg	7
train_1241.jpg	6
train_1242.jpg	1
train_1243.jpg	9
train_1244.jpg	3
train_1245.jpg	3
train_1246.jpg	1
train_1247.jpg	6
train_1248.jpg	6
train_1249.jpg	4
train_1250.jpg	5
train_1251.jpg	7
train_1252.jpg	7
train_1253.jpg	8
train_1254.jpg	9
train_1255.jpg	5
train_1256.jpg	9
train_1257.jpg	3
train_1258.jpg	5
train_1259.jpg	7
train_1260.jpg	9
train_1261.jpg	8
train_1262.jpg	8
train_1263.jpg	0
train_1264.jpg	2
train_1265.jpg	4
train_1266.jpg	3
train_1267.jpg	0
train_1268.jpg	8
train_1269.jpg	3
train_1270.jpg	5
train_1271.jpg	5
train_1272.jpg	5
train_1273.jpg	1
train_1274.jpg	6
train_1275.jpg	7
train_1276.jpg	6
train_1277.jpg	3
train_1278.jpg	0
train_1279.jpg	7
train_1280.jpg	8
train_1281.jpg	0
train_1282.jpg	6
train_1283.jpg	8
train_1284.jpg	6
train_1285.jpg	2
train_1286.jpg	4
train_1287.jpg	3
train_1288.jpg	4
train_1289.jpg	1
train_1290.jpg	7
train_1291.jpg	3
train_1292.jpg	6
train_1293.jpg	8
train_1294.jpg	4
train_1295.jpg	7
train_1296.jpg	4
train_1297.jpg	0
train_1298.jpg	9
train_1299.jpg	2
train_1300.jpg	1
train_1301.jpg	6
train_1302.jpg	4
train_1303.jpg	9
train_1304.jpg	2
train_1305.jpg	1
train_1306.jpg	8
train_1307.jpg	0
train_1308.jpg	1
train_1309.jpg	6
train_1310.jpg	4
train_1311.jpg	7
train_1312.jpg	6
train_1313.jpg	6
train_1314.jpg	5
train_1315.jpg	2
train_1316.jpg	1
train_1317.jpg	8
train_1318.jpg	9
train_1319.jpg	2
train_1320.jpg	2
train_1321.jpg	8
train_1322.jpg	9
train_1323.jpg	5
train_1324.jpg	6
train_1325.jpg	9
train_1326.jpg	2
train_1327.jpg	8
train_1328.jpg	3
train_1329.jpg	3
train_1330.jpg	4
train_1331.jpg	4
train_1332.jpg	0
train_1333.jpg	8
train_1334.jpg	6
train_1335.jpg	8
train_1336.jpg	8
train_1337.jpg	7
train_1338.jpg	3
train_1339.jpg	3
train_1340.jpg	8
train_1341.jpg	2
train_1342.jpg	4
train_1343.jpg	1
train_1344.jpg	8
train_1345.jpg	4
train_1346.jpg	8
train_1347.jpg	6
train_1348.jpg	2
train_1349.jpg	7
train_1350.jpg	1
train_1351.jpg	8
train_1352.jpg	5
train_1353.jpg	1
train_1354.jpg	1
train_1355.jpg	3
train_1356.jpg	7
train_1357.jpg	3
train_1358.jpg	1
train_1359.jpg	1
train_1360.jpg	5
train_1361.jpg	8
train_1362.jpg	6
train_1363.jpg	8
train_1364.jpg	3
train_1365.jpg	7
train_1366.jpg	4
train_1367.jpg	6
train_1368.jpg	8
train_1369.jpg	3
train_1370.jpg	5
train_1371.jpg	2
train_1372.jpg	4
train_1373.jpg	9
train_1374.jpg	3
train_1375.jpg	5
train_1376.jpg	6
train_1377.jpg	6
train_1378.jpg	8
train_1379.jpg	9
train_1380.jpg	5
train_1381.jpg	4
train_1382.jpg	0
train_1383.jpg	9
train_1384.jpg	4
train_1385.jpg	0
train_1386.jpg	5
train_1387.jpg	4
train_1388.jpg	7
train_1389.jpg	5
train_1390.jpg	4
train_1391.jpg	1
train_1392.jpg	5
train_1393.jpg	7
train_1394.jpg	7
train_1395.jpg	4
train_1396.jpg	5
train_1397.jpg	7
train_1398.jpg	6
train_1399.jpg	2
train_1400.jpg	2
train_1401.jpg	5
train_1402.jpg	6
train_1403.jpg	0
train_1404.jpg	9
train_1405.jpg	4
train_1406.jpg	5
train_1407.jpg	0
train_1408.jpg	5
train_1409.jpg	6
train_1410.jpg	5
train_1411.jpg	0
train_1412.jpg	0
train_1413.jpg	7
train_1414.jpg	4
train_1415.jpg	5
train_1416.jpg	8
train_1417.jpg	6
train_1418.jpg	6
train_1419.jpg	2
train_1420.jpg	1
train_1421.jpg	5
train_1422.jpg	4
train_1423.jpg	8
train_1424.jpg	7
train_1425.jpg	6
train_1426.jpg	5
train_1427.jpg	1
train_1428.jpg	9
train_1429.jpg	7
train_1430.jpg	9
train_1431.jpg	8
train_1432.jpg	5
train_1433.jpg	6
train_1434.jpg	6
train_1435.jpg	7
train_1436.jpg	2
train_1437.jpg	2
train_1438.jpg	7
train_1439.jpg	6
train_1440.jpg	7
train_1441.jpg	9
train_1442.jpg	6
train_1443.jpg	9
train_1444.jpg	0
train_1445.jpg	1
train_1446.jpg	3
train_1447.jpg	5
train_1448.jpg	9
train_1449.jpg	0
train_1450.jpg	4
train_1451.jpg	0
train_1452.jpg	0
train_1453.jpg	8
train_1454.jpg	2
train_1455.jpg	5
train_1456.jpg	0
train_1457.jpg	2
train_1458.jpg	8
train_1459.jpg	1
train_1460.jpg	5
train_1461.jpg	3
train_1462.jpg	3
train_1463.jpg	7
train_1464.jpg	3
train_1465.jpg	1
train_1466.jpg	8
train_1467.jpg	7
train_1468.jpg	4
train_1469.jpg	8
train_1470.jpg	4
train_1471.jpg	9
train_1472.jpg	5
train_1473.jpg	4
train_1474.jpg	1
train_1475.jpg	0
train_1476.jpg	9
train_1477.jpg	0
train_1478.jpg	4
train_1479.jpg	4
train_1480.jpg	9
train_1481.jpg	8
train_1482.jpg	5
train_1483.jpg	8
train_1484.jpg	0
train_1485.jpg	1
train_1486.jpg	7
train_1487.jpg	4
train_1488.jpg	7
train_1489.jpg	7
train_1490.jpg	0
train_1491.jpg	7
train_1492.jpg	9
train_1493.jpg	7
train_1494.jpg	7
train_1495.jpg	6
train_1496.jpg	8
train_1497.jpg	5
train_1498.jpg	6
train_1499.jpg	2
train_1500.jpg	1
train_1501.jpg	5
train_1502.jpg	3
train_1503.jpg	7
train_1504.jpg	9
train_1505.jpg	7
train_1506.jpg	5
train_1507.jpg	9
train_1508.jpg	8
train_1509.jpg	6
train_1510.jpg	3
train_1511.jpg	4
train_1512.jpg	9
train_1513.jpg	9
train_1514.jpg	6
train_1515.jpg	8
train_1516.jpg	2
train_1517.jpg	3
train_1518.jpg	6
train_1519.jpg	2
train_1520.jpg	1
train_1521.jpg	6
train_1522.jpg	8
train_1523.jpg	0
train_1524.jpg	7
train_1525.jpg	5
train_1526.jpg	7
train_1527.jpg	5
train_1528.jpg	1
train_1529.jpg	7
train_1530.jpg	1
train_1531.jpg	9
train_1532.jpg	4
train_1533.jpg	7
train_1534.jpg	2
train_1535.jpg	5
train_1536.jpg	7
train_1537.jpg	6
train_1538.jpg	4
train_1539.jpg	9
train_1540.jpg	6
train_1541.jpg	8
train_1542.jpg	1
train_1543.jpg	7
train_1544.jpg	7
train_1545.jpg	1
train_1546.jpg	8
train_1547.jpg	5
train_1548.jpg	5
train_1549.jpg	4
train_1550.jpg	8
train_1551.jpg	2
train_1552.jpg	3
train_1553.jpg	0
train_1554.jpg	4
train_1555.jpg	9
train_1556.jpg	6
train_1557.jpg	4
train_1558.jpg	7
train_1559.jpg	9
train_1560.jpg	9
train_1561.jpg	1
train_1562.jpg	9
train_1563.jpg	6
train_1564.jpg	0
train_1565.jpg	5
train_1566.jpg	6
train_1567.jpg	5
train_1568.jpg	5
train_1569.jpg	7
train_1570.jpg	4
train_1571.jpg	1
train_1572.jpg	5
train_1573.jpg	3
train_1574.jpg	5
train_1575.jpg	4
train_1576.jpg	0
train_1577.jpg	1
train_1578.jpg	8
train_1579.jpg	3
train_1580.jpg	5
train_1581.jpg	0
train_1582.jpg	9
train_1583.jpg	0
train_1584.jpg	8
train_1585.jpg	0
train_1586.jpg	6
train_1587.jpg	7
train_1588.jpg	0
train_1589.jpg	7
train_1590.jpg	2
train_1591.jpg	5
train_1592.jpg	8
train_1593.jpg	2
train_1594.jpg	4
train_1595.jpg	7
train_1596.jpg	9
train_1597.jpg	7
train_1598.jpg	5
train_1599.jpg	2
train_1600.jpg	8
train_1601.jpg	8
train_1602.jpg	8
train_1603.jpg	8
train_1604.jpg	9
train_1605.jpg	7
train_1606.jpg	4
train_1607.jpg	2
train_1608.jpg	0
train_1609.jpg	0
train_1610.jpg	9
train_1611.jpg	2
train_1612.jpg	9
train_1613.jpg	0
train_1614.jpg	6
train_1615.jpg	2
train_1616.jpg	1
train_1617.jpg	3
train_1618.jpg	2
train_1619.jpg	3
train_1620.jpg	0
train_1621.jpg	7
train_1622.jpg	8
train_1623.jpg	0
train_1624.jpg	3
train_1625.jpg	1
train_1626.jpg	6
train_1627.jpg	0
train_1628.jpg	6
train_1629.jpg	4
train_1630.jpg	5
train_1631.jpg	7
train_1632.jpg	2
train_1633.jpg	3
train_1634.jpg	9
train_1635.jpg	5
train_1636.jpg	3
train_1637.jpg	3
train_1638.jpg	0
train_1639.jpg	2
train_1640.jpg	9
train_1641.jpg	0
train_1642.jpg	2
train_1643.jpg	7
train_1644.jpg	8
train_1645.jpg	4
train_1646.jpg	8
train_1647.jpg	6
train_1648.jpg	6
train_1649.jpg	9
train_1650.jpg	3
train_1651.jpg	6
train_1652.jpg	5
train_1653.jpg	0
train_1654.jpg	3
train_1655.jpg	5
train_1656.jpg	1
train_1657.jpg	9
train_1658.jpg	8
train_1659.jpg	5
train_1660.jpg	3
train_1661.jpg	0
train_1662.jpg	7
train_1663.jpg	6
train_1664.jpg	3
train_1665.jpg	9
train_1666.jpg	5
train_1667.jpg	5
train_1668.jpg	3
train_1669.jpg	3
train_1670.jpg	6
train_1671.jpg	0
train_1672.jpg	1
train_1673.jpg	9
train_1674.jpg	5
train_1675.jpg	3
train_1676.jpg	9
train_1677.jpg	5
train_1678.jpg	5
train_1679.jpg	0
train_1680.jpg	1
train_1681.jpg	9
train_1682.jpg	4
train_1683.jpg	2
train_1684.jpg	1
train_1685.jpg	3
train_1686.jpg	4
train_1687.jpg	5
train_1688.jpg	4
train_1689.jpg	5
train_1690.jpg	5
train_1691.jpg	7
train_1692.jpg	6
train_1693.jpg	4
train_1694.jpg	8
train_1695.jpg	3
train_1696.jpg	4
train_1697.jpg	4
train_1698.jpg	4
train_1699.jpg	1
train_1700.jpg	4
train_1701.jpg	6
train_1702.jpg	5
train_1703.jpg	5
train_1704.jpg	9
train_1705.jpg	8
train_1706.jpg	2
train_1707.jpg	3
train_1708.jpg	4
train_1709.jpg	3
train_1710.jpg	6
train_1711.jpg	6
train_1712.jpg	7
train_1713.jpg	0
train_1714.jpg	7
train_1715.jpg	5
train_1716.jpg	1
train_1717.jpg	7
train_1718.jpg	1
train_1719.jpg	7
train_1720.jpg	8
train_1721.jpg	8
train_1722.jpg	2
train_1723.jpg	8
train_1724.jpg	3
train_1725.jpg	3
train_1726.jpg	7
train_1727.jpg	4
train_1728.jpg	5
train_1729.jpg	2
train_1730.jpg	6
train_1731.jpg	0
train_1732.jpg	3
train_1733.jpg	7
train_1734.jpg	2
train_1735.jpg	6
train_1736.jpg	0
train_1737.jpg	6
train_1738.jpg	1
train_1739.jpg	9
train_1740.jpg	9
train_1741.jpg	3
train_1742.jpg	2
train_1743.jpg	6
train_1744.jpg	3
train_1745.jpg	1
train_1746.jpg	5
train_1747.jpg	4
train_1748.jpg	2
train_1749.jpg	4
train_1750.jpg	4
train_1751.jpg	9
train_1752.jpg	4
train_1753.jpg	7
train_1754.jpg	0
train_1755.jpg	4
train_1756.jpg	4
train_1757.jpg	3
train_1758.jpg	1
train_1759.jpg	2
train_1760.jpg	7
train_1761.jpg	5
train_1762.jpg	4
train_1763.jpg	7
train_1764.jpg	5
train_1765.jpg	7
train_1766.jpg	0
train_1767.jpg	0
train_1768.jpg	8
train_1769.jpg	6
train_1770.jpg	9
train_1771.jpg	1
train_1772.jpg	9
train_1773.jpg	6
train_1774.jpg	3
train_1775.jpg	3
train_1776.jpg	9
train_1777.jpg	1
train_1778.jpg	6
train_1779.jpg	0
train_1780.jpg	8
train_1781.jpg	5
train_1782.jpg	8
train_1783.jpg	7
train_1784.jpg	6
train_1785.jpg	0
train_1786.jpg	2
train_1787.jpg	4
train_1788.jpg	1
train_1789.jpg	1
train_1790.jpg	9
train_1791.jpg	8
train_1792.jpg	5
train_1793.jpg	6
train_1794.jpg	2
train_1795.jpg	8
train_1796.jpg	4
train_1797.jpg	7
train_1798.jpg	3
train_1799.jpg	4
train_1800.jpg	3
train_1801.jpg	1
train_1802.jpg	8
train_1803.jpg	6
train_1804.jpg	7
train_1805.jpg	0
train_1806.jpg	6
train_1807.jpg	5
train_1808.jpg	9
train_1809.jpg	0
train_1810.jpg	6
train_1811.jpg	7
train_1812.jpg	6
train_1813.jpg	7
train_1814.jpg	7
train_1815.jpg	7
train_1816.jpg	4
train_1817.jpg	3
train_1818.jpg	9
train_1819.jpg	1
train_1820.jpg	0
train_1821.jpg	9
train_1822.jpg	5
train_1823.jpg	4
train_1824.jpg	0
train_1825.jpg	5
train_1826.jpg	4
train_1827.jpg	2
train_1828.jpg	1
train_1829.jpg	7
train_1830.jpg	1
train_1831.jpg	9
train_1832.jpg	5
train_1833.jpg	2
train_1834.jpg	7
train_1835.jpg	5
train_1836.jpg	1
train_1837.jpg	1
train_1838.jpg	7
train_1839.jpg	4
train_1840.jpg	4
train_1841.jpg	0
train_1842.jpg	4
train_1843.jpg	2
train_1844.jpg	4
train_1845.jpg	0
train_1846.jpg	8
train_1847.jpg	9
train_1848.jpg	6
train_1849.jpg	2
train_1850.jpg	5
train_1851.jpg	8
train_1852.jpg	8
train_1853.jpg	1
train_1854.jpg	9
train_1855.jpg	2
train_1856.jpg	8
train_1857.jpg	7
train_1858.jpg	4
train_1859.jpg	1
train_1860.jpg	7
train_1861.jpg	5
train_1862.jpg	8
train_1863.jpg	5
train_1864.jpg	3
train_1865.jpg	6
train_1866.jpg	5
train_1867.jpg	4
train_1868.jpg	9
train_1869.jpg	0
train_1870.jpg	3
train_1871.jpg	4
train_1872.jpg	6
train_1873.jpg	9
train_1874.jpg	5
train_1875.jpg	0
train_1876.jpg	3
train_1877.jpg	9
train_1878.jpg	1
train_1879.jpg	8
train_1880.jpg	0
train_1881.jpg	1
train_1882.jpg	3
train_1883.jpg	5
train_1884.jpg	0
train_1885.jpg	2
train_1886.jpg	1
train_1887.jpg	7
train_1888.jpg	8
train_1889.jpg	5
train_1890.jpg	3
train_1891.jpg	0
train_1892.jpg	7
train_1893.jpg	2
train_1894.jpg	0
train_1895.jpg	1
train_1896.jpg	3
train_1897.jpg	8
train_1898.jpg	6
train_1899.jpg	9
train_1900.jpg	7
train_1901.jpg	6
train_1902.jpg	6
train_1903.jpg	7
train_1904.jpg	4
train_1905.jpg	9
train_1906.jpg	3
train_1907.jpg	5
train_1908.jpg	2
train_1909.jpg	7
train_1910.jpg	2
train_1911.jpg	7
train_1912.jpg	0
train_1913.jpg	9
train_1914.jpg	7
train_1915.jpg	9
train_1916.jpg	2
train_1917.jpg	3
train_1918.jpg	8
train_1919.jpg	3
train_1920.jpg	0
train_1921.jpg	5
train_1922.jpg	0
train_1923.jpg	3
train_1924.jpg	3
train_1925.jpg	3
train_1926.jpg	0
train_1927.jpg	3
train_1928.jpg	5
train_1929.jpg	8
train_1930.jpg	4
train_1931.jpg	7
train_1932.jpg	2
train_1933.jpg	6
train_1934.jpg	3
train_1935.jpg	6
train_1936.jpg	9
train_1937.jpg	1
train_1938.jpg	9
train_1939.jpg	0
train_1940.jpg	1
train_1941.jpg	3
train_1942.jpg	7
train_1943.jpg	2
train_1944.jpg	5
train_1945.jpg	7
train_1946.jpg	2
train_1947.jpg	9
train_1948.jpg	5
train_1949.jpg	4
train_1950.jpg	1
train_1951.jpg	3
train_1952.jpg	4
train_1953.jpg	9
train_1954.jpg	3
train_1955.jpg	3
train_1956.jpg	6
train_1957.jpg	3
train_1958.jpg	4
train_1959.jpg	4
train_1960.jpg	3
train_1961.jpg	4
train_1962.jpg	9
train_1963.jpg	0
train_1964.jpg	6
train_1965.jpg	4
train_1966.jpg	6
train_1967.jpg	8
train_1968.jpg	7
train_1969.jpg	8
train_1970.jpg	8
train_1971.jpg	3
train_1972.jpg	6
train_1973.jpg	7
train_1974.jpg	3
train_1975.jpg	3
train_1976.jpg	3
train_1977.jpg	3
train_1978.jpg	0
train_1979.jpg	6
train_1980.jpg	7
train_1981.jpg	8
train_1982.jpg	7
train_1983.jpg	4
train_1984.jpg	1
train_1985.jpg	3
train_1986.jpg	3
train_1987.jpg	9
train_1988.jpg	3
train_1989.jpg	9
train_1990.jpg	5
train_1991.jpg	4
train_1992.jpg	2
train_1993.jpg	6
train_1994.jpg	0
train_1995.jpg	0
train_1996.jpg	4
train_1997.jpg	4
train_1998.jpg	0
train_1999.jpg	1
train_2000.jpg	0
train_2001.jpg	2
train_2002.jpg	9
train_2003.jpg	6
train_2004.jpg	8
train_2005.jpg	8
train_2006.jpg	5
train_2007.jpg	1
train_2008.jpg	9
train_2009.jpg	3
train_2010.jpg	3
train_2011.jpg	9
train_2012.jpg	5
train_2013.jpg	1
train_2014.jpg	7
train_2015.jpg	0
train_2016.jpg	3
train_2017.jpg	1
train_2018.jpg	3
train_2019.jpg	7
train_2020.jpg	1
train_2021.jpg	8
train_2022.jpg	5
train_2023.jpg	9
train_2024.jpg	5
train_2025.jpg	2
train_2026.jpg	0
train_2027.jpg	3
train_2028.jpg	1
train_2029.jpg	2
train_2030.jpg	7
train_2031.jpg	1
train_2032.jpg	7
train_2033.jpg	0
train_2034.jpg	6
train_2035.jpg	2
train_2036.jpg	8
train_2037.jpg	4
train_2038.jpg	0
train_2039.jpg	4
train_2040.jpg	0
train_2041.jpg	2
train_2042.jpg	3
train_2043.jpg	2
train_2044.jpg	8
train_2045.jpg	7
train_2046.jpg	4
train_2047.jpg	0
train_2048.jpg	2
train_2049.jpg	2
train_2050.jpg	1
train_2051.jpg	2
train_2052.jpg	2
train_2053.jpg	3
train_2054.jpg	0
train_2055.jpg	3
train_2056.jpg	0
train_2057.jpg	6
train_2058.jpg	5
train_2059.jpg	9
train_2060.jpg	4
train_2061.jpg	9
train_2062.jpg	5
train_2063.jpg	7
train_2064.jpg	4
train_2065.jpg	5
train_2066.jpg	1
train_2067.jpg	5
train_2068.jpg	2
train_2069.jpg	8
train_2070.jpg	9
train_2071.jpg	0
train_2072.jpg	4
train_2073.jpg	3
train_2074.jpg	2
train_2075.jpg	4
train_2076.jpg	0
train_2077.jpg	2
train_2078.jpg	8
train_2079.jpg	0
train_2080.jpg	9
train_2081.jpg	8
train_2082.jpg	7
train_2083.jpg	6
train_2084.jpg	9
train_2085.jpg	2
train_2086.jpg	9
train_2087.jpg	2
train_2088.jpg	6
train_2089.jpg	7
train_2090.jpg	8
train_2091.jpg	7
train_2092.jpg	6
train_2093.jpg	9
train_2094.jpg	0
train_2095.jpg	3
train_2096.jpg	4
train_2097.jpg	9
train_2098.jpg	4
train_2099.jpg	9
train_2100.jpg	0
train_2101.jpg	0
train_2102.jpg	3
train_2103.jpg	3
train_2104.jpg	6
train_2105.jpg	5
train_2106.jpg	2
train_2107.jpg	9
train_2108.jpg	4
train_2109.jpg	5
train_2110.jpg	2
train_2111.jpg	5
train_2112.jpg	5
train_2113.jpg	0
train_2114.jpg	4
train_2115.jpg	4
train_2116.jpg	4
train_2117.jpg	6
train_2118.jpg	2
train_2119.jpg	0
train_2120.jpg	8
train_2121.jpg	7
train_2122.jpg	6
train_2123.jpg	6
train_2124.jpg	2
train_2125.jpg	4
train_2126.jpg	1
train_2127.jpg	5
train_2128.jpg	6
train_2129.jpg	2
train_2130.jpg	6
train_2131.jpg	4
train_2132.jpg	0
train_2133.jpg	2
train_2134.jpg	9
train_2135.jpg	0
train_2136.jpg	7
train_2137.jpg	4
train_2138.jpg	3
train_2139.jpg	6
train_2140.jpg	0
train_2141.jpg	3
train_2142.jpg	7
train_2143.jpg	7
train_2144.jpg	7
train_2145.jpg	9
train_2146.jpg	7
train_2147.jpg	8
train_2148.jpg	1
train_2149.jpg	2
train_2150.jpg	3
train_2151.jpg	8
train_2152.jpg	4
train_2153.jpg	3
train_2154.jpg	5
train_2155.jpg	0
train_2156.jpg	9
train_2157.jpg	2
train_2158.jpg	2
train_2159.jpg	8
train_2160.jpg	4
train_2161.jpg	0
train_2162.jpg	6
train_2163.jpg	1
train_2164.jpg	2
train_2165.jpg	2
train_2166.jpg	0
train_2167.jpg	9
train_2168.jpg	7
train_2169.jpg	4
train_2170.jpg	9
train_2171.jpg	8
train_2172.jpg	3
train_2173.jpg	1
train_2174.jpg	3
train_2175.jpg	8
train_2176.jpg	6
train_2177.jpg	6
train_2178.jpg	4
train_2179.jpg	4
train_2180.jpg	4
train_2181.jpg	6
train_2182.jpg	3
train_2183.jpg	5
train_2184.jpg	1
train_2185.jpg	4
train_2186.jpg	3
train_2187.jpg	6
train_2188.jpg	4
train_2189.jpg	1
train_2190.jpg	7
train_2191.jpg	0
train_2192.jpg	2
train_2193.jpg	4
train_2194.jpg	4
train_2195.jpg	4
train_2196.jpg	0
train_2197.jpg	9
train_2198.jpg	6
train_2199.jpg	0
train_2200.jpg	0
train_2201.jpg	8
train_2202.jpg	2
train_2203.jpg	8
train_2204.jpg	4
train_2205.jpg	3
train_2206.jpg	9
train_2207.jpg	5
train_2208.jpg	2
train_2209.jpg	9
train_2210.jpg	7
train_2211.jpg	9
train_2212.jpg	4
train_2213.jpg	3
train_2214.jpg	4
train_2215.jpg	0
train_2216.jpg	2
train_2217.jpg	4
train_2218.jpg	3
train_2219.jpg	6
train_2220.jpg	2
train_2221.jpg	5
train_2222.jpg	7
train_2223.jpg	4
train_2224.jpg	1
train_2225.jpg	9
train_2226.jpg	8
train_2227.jpg	9
train_2228.jpg	5
train_2229.jpg	3
train_2230.jpg	5
train_2231.jpg	9
train_2232.jpg	2
train_2233.jpg	9
train_2234.jpg	1
train_2235.jpg	5
train_2236.jpg	5
train_2237.jpg	0
train_2238.jpg	2
train_2239.jpg	1
train_2240.jpg	4
train_2241.jpg	6
train_2242.jpg	4
train_2243.jpg	4
train_2244.jpg	9
train_2245.jpg	0
train_2246.jpg	0
train_2247.jpg	9
train_2248.jpg	9
train_2249.jpg	9
train_2250.jpg	3
train_2251.jpg	6
train_2252.jpg	0
train_2253.jpg	9
train_2254.jpg	1
train_2255.jpg	7
train_2256.jpg	8
train_2257.jpg	8
train_2258.jpg	6
train_2259.jpg	9
train_2260.jpg	2
train_2261.jpg	3
train_2262.jpg	7
train_2263.jpg	8
train_2264.jpg	8
train_2265.jpg	1
train_2266.jpg	4
train_2267.jpg	3
train_2268.jpg	4
train_2269.jpg	4
train_2270.jpg	9
train_2271.jpg	2
train_2272.jpg	8
train_2273.jpg	3
train_2274.jpg	5
train_2275.jpg	7
train_2276.jpg	0
train_2277.jpg	6
train_2278.jpg	5
train_2279.jpg	2
train_2280.jpg	2
train_2281.jpg	0
train_2282.jpg	8
train_2283.jpg	6
train_2284.jpg	1
train_2285.jpg	4
train_2286.jpg	6
train_2287.jpg	8
train_2288.jpg	2
train_2289.jpg	7
train_2290.jpg	6
train_2291.jpg	3
train_2292.jpg	2
train_2293.jpg	4
train_2294.jpg	6
train_2295.jpg	4
train_2296.jpg	0
train_2297.jpg	7
train_2298.jpg	8
train_2299.jpg	9
train_2300.jpg	4
train_2301.jpg	6
train_2302.jpg	0
train_2303.jpg	1
train_2304.jpg	7
train_2305.jpg	5
train_2306.jpg	8
train_2307.jpg	1
train_2308.jpg	7
train_2309.jpg	5
train_2310.jpg	3
train_2311.jpg	9
train_2312.jpg	2
train_2313.jpg	2
train_2314.jpg	4
train_2315.jpg	2
train_2316.jpg	3
train_2317.jpg	1
train_2318.jpg	7
train_2319.jpg	2
train_2320.jpg	6
train_2321.jpg	9
train_2322.jpg	3
train_2323.jpg	7
train_2324.jpg	0
train_2325.jpg	9
train_2326.jpg	5
train_2327.jpg	2
train_2328.jpg	8
train_2329.jpg	7
train_2330.jpg	3
train_2331.jpg	7
train_2332.jpg	6
train_2333.jpg	0
train_2334.jpg	6
train_2335.jpg	2
train_2336.jpg	7
train_2337.jpg	8
train_2338.jpg	4
train_2339.jpg	6
train_2340.jpg	6
train_2341.jpg	9
train_2342.jpg	3
train_2343.jpg	2
train_2344.jpg	3
train_2345.jpg	0
train_2346.jpg	1
train_2347.jpg	9
train_2348.jpg	3
train_2349.jpg	3
train_2350.jpg	7
train_2351.jpg	0
train_2352.jpg	5
train_2353.jpg	5
train_2354.jpg	0
train_2355.jpg	2
train_2356.jpg	4
train_2357.jpg	6
train_2358.jpg	7
train_2359.jpg	4
train_2360.jpg	3
train_2361.jpg	7
train_2362.jpg	4
train_2363.jpg	2
train_2364.jpg	5
train_2365.jpg	0
train_2366.jpg	8
train_2367.jpg	4
train_2368.jpg	1
train_2369.jpg	8
train_2370.jpg	3
train_2371.jpg	6
train_2372.jpg	5
train_2373.jpg	6
train_2374.jpg	1
train_2375.jpg	0
train_2376.jpg	6
train_2377.jpg	5
train_2378.jpg	8
train_2379.jpg	2
train_2380.jpg	0
train_2381.jpg	4
train_2382.jpg	6
train_2383.jpg	4
train_2384.jpg	1
train_2385.jpg	4
train_2386.jpg	7
train_2387.jpg	0
train_2388.jpg	7
train_2389.jpg	8
train_2390.jpg	9
train_2391.jpg	2
train_2392.jpg	5
train_2393.jpg	2
train_2394.jpg	9
train_2395.jpg	8
train_2396.jpg	0
train_2397.jpg	2
train_2398.jpg	9
train_2399.jpg	3
train_2400.jpg	2
train_2401.jpg	2
train_2402.jpg	1
train_2403.jpg	4
train_2404.jpg	4
train_2405.jpg	7
train_2406.jpg	3
train_2407.jpg	8
train_2408.jpg	5
train_2409.jpg	6
train_2410.jpg	7
train_2411.jpg	9
train_2412.jpg	8
train_2413.jpg	1
train_2414.jpg	0
train_2415.jpg	5
train_2416.jpg	8
train_2417.jpg	5
train_2418.jpg	2
train_2419.jpg	5
train_2420.jpg	0
train_2421.jpg	9
train_2422.jpg	0
train_2423.jpg	7
train_2424.jpg	3
train_2425.jpg	6
train_2426.jpg	7
train_2427.jpg	1
train_2428.jpg	1
train_2429.jpg	4
train_2430.jpg	9
train_2431.jpg	7
train_2432.jpg	6
train_2433.jpg	8
train_2434.jpg	0
train_2435.jpg	3
train_2436.jpg	9
train_2437.jpg	0
train_2438.jpg	7
train_2439.jpg	1
train_2440.jpg	0
train_2441.jpg	7
train_2442.jpg	0
train_2443.jpg	8
train_2444.jpg	5
train_2445.jpg	9
train_2446.jpg	8
train_2447.jpg	0
train_2448.jpg	9
train_2449.jpg	0
train_2450.jpg	0
train_2451.jpg	0
train_2452.jpg	9
train_2453.jpg	8
train_2454.jpg	3
train_2455.jpg	5
train_2456.jpg	1
train_2457.jpg	4
train_2458.jpg	5
train_2459.jpg	0
train_2460.jpg	6
train_2461.jpg	3
train_2462.jpg	3
train_2463.jpg	1
train_2464.jpg	5
train_2465.jpg	8
train_2466.jpg	7
train_2467.jpg	9
train_2468.jpg	3
train_2469.jpg	3
train_2470.jpg	6
train_2471.jpg	9
train_2472.jpg	3
train_2473.jpg	8
train_2474.jpg	9
train_2475.jpg	4
train_2476.jpg	1
train_2477.jpg	5
train_2478.jpg	5
train_2479.jpg	0
train_2480.jpg	1
train_2481.jpg	0
train_2482.jpg	8
train_2483.jpg	5
train_2484.jpg	3
train_2485.jpg	6
train_2486.jpg	7
train_2487.jpg	3
train_2488.jpg	6
train_2489.jpg	8
train_2490.jpg	8
train_2491.jpg	2
train_2492.jpg	8
train_2493.jpg	9
train_2494.jpg	3
train_2495.jpg	1
train_2496.jpg	0
train_2497.jpg	7
train_2498.jpg	9
train_2499.jpg	2
train_2500.jpg	2
train_2501.jpg	4
train_2502.jpg	5
train_2503.jpg	4
train_2504.jpg	4
train_2505.jpg	4
train_2506.jpg	9
train_2507.jpg	4
train_2508.jpg	2
train_2509.jpg	5
train_2510.jpg	8
train_2511.jpg	1
train_2512.jpg	4
train_2513.jpg	1
train_2514.jpg	3
train_2515.jpg	9
train_2516.jpg	4
train_2517.jpg	4
train_2518.jpg	5
train_2519.jpg	2
train_2520.jpg	8
train_2521.jpg	2
train_2522.jpg	5
train_2523.jpg	5
train_2524.jpg	7
train_2525.jpg	6
train_2526.jpg	1
train_2527.jpg	7
train_2528.jpg	8
train_2529.jpg	0
train_2530.jpg	1
train_2531.jpg	0
train_2532.jpg	1
train_2533.jpg	3
train_2534.jpg	5
train_2535.jpg	4
train_2536.jpg	5
train_2537.jpg	5
train_2538.jpg	6
train_2539.jpg	5
train_2540.jpg	1
train_2541.jpg	7
train_2542.jpg	0
train_2543.jpg	5
train_2544.jpg	1
train_2545.jpg	1
train_2546.jpg	2
train_2547.jpg	8
train_2548.jpg	9
train_2549.jpg	9
train_2550.jpg	8
train_2551.jpg	6
train_2552.jpg	3
train_2553.jpg	5
train_2554.jpg	6
train_2555.jpg	5
train_2556.jpg	7
train_2557.jpg	1
train_2558.jpg	8
train_2559.jpg	6
train_2560.jpg	6
train_2561.jpg	7
train_2562.jpg	0
train_2563.jpg	6
train_2564.jpg	6
train_2565.jpg	7
train_2566.jpg	8
train_2567.jpg	8
train_2568.jpg	3
train_2569.jpg	5
train_2570.jpg	6
train_2571.jpg	5
train_2572.jpg	0
train_2573.jpg	7
train_2574.jpg	9
train_2575.jpg	9
train_2576.jpg	8
train_2577.jpg	6
train_2578.jpg	0
train_2579.jpg	2
train_2580.jpg	8
train_2581.jpg	8
train_2582.jpg	2
train_2583.jpg	5
train_2584.jpg	2
train_2585.jpg	4
train_2586.jpg	4
train_2587.jpg	9
train_2588.jpg	0
train_2589.jpg	6
train_2590.jpg	0
train_2591.jpg	5
train_2592.jpg	4
train_2593.jpg	4
train_2594.jpg	4
train_2595.jpg	7
train_2596.jpg	7
train_2597.jpg	6
train_2598.jpg	1
train_2599.jpg	3
train_2600.jpg	3
train_2601.jpg	3
train_2602.jpg	9
train_2603.jpg	2
train_2604.jpg	5
train_2605.jpg	9
train_2606.jpg	7
train_2607.jpg	2
train_2608.jpg	7
train_2609.jpg	0
train_2610.jpg	0
train_2611.jpg	6
train_2612.jpg	9
train_2613.jpg	2
train_2614.jpg	8
train_2615.jpg	3
train_2616.jpg	2
train_2617.jpg	8
train_2618.jpg	9
train_2619.jpg	2
train_2620.jpg	8
train_2621.jpg	6
train_2622.jpg	4
train_2623.jpg	6
train_2624.jpg	4
train_2625.jpg	6
train_2626.jpg	4
train_2627.jpg	4
train_2628.jpg	7
train_2629.jpg	7
train_2630.jpg	9
train_2631.jpg	8
train_2632.jpg	4
train_2633.jpg	2
train_2634.jpg	4
train_2635.jpg	0
train_2636.jpg	9
train_2637.jpg	6
train_2638.jpg	5
train_2639.jpg	5
train_2640.jpg	2
train_2641.jpg	8
train_2642.jpg	8
train_2643.jpg	2
train_2644.jpg	3
train_2645.jpg	2
train_2646.jpg	4
train_2647.jpg	3
train_2648.jpg	2
train_2649.jpg	7
train_2650.jpg	1
train_2651.jpg	4
train_2652.jpg	6
train_2653.jpg	3
train_2654.jpg	9
train_2655.jpg	6
train_2656.jpg	4
train_2657.jpg	5
train_2658.jpg	4
train_2659.jpg	1
train_2660.jpg	4
train_2661.jpg	7
train_2662.jpg	6
train_2663.jpg	1
train_2664.jpg	6
train_2665.jpg	2
train_2666.jpg	5
train_2667.jpg	1
train_2668.jpg	0
train_2669.jpg	1
train_2670.jpg	5
train_2671.jpg	5
train_2672.jpg	2
train_2673.jpg	7
train_2674.jpg	5
train_2675.jpg	3
train_2676.jpg	5
train_2677.jpg	0
train_2678.jpg	0
train_2679.jpg	0
train_2680.jpg	3
train_2681.jpg	3
train_2682.jpg	0
train_2683.jpg	4
train_2684.jpg	9
train_2685.jpg	5
train_2686.jpg	8
train_2687.jpg	4
train_2688.jpg	5
train_2689.jpg	4
train_2690.jpg	4
train_2691.jpg	1
train_2692.jpg	4
train_2693.jpg	7
train_2694.jpg	9
train_2695.jpg	0
train_2696.jpg	3
train_2697.jpg	2
train_2698.jpg	3
train_2699.jpg	5
train_2700.jpg	3
train_2701.jpg	1
train_2702.jpg	3
train_2703.jpg	4
train_2704.jpg	6
train_2705.jpg	5
train_2706.jpg	5
train_2707.jpg	5
train_2708.jpg	6
train_2709.jpg	6
train_2710.jpg	0
train_2711.jpg	7
train_2712.jpg	7
train_2713.jpg	8
train_2714.jpg	3
train_2715.jpg	9
train_2716.jpg	6
train_2717.jpg	3
train_2718.jpg	7
train_2719.jpg	0
train_2720.jpg	7
train_2721.jpg	3
train_2722.jpg	9
train_2723.jpg	0
train_2724.jpg	9
train_2725.jpg	7
train_2726.jpg	3
train_2727.jpg	2
train_2728.jpg	5
train_2729.jpg	1
train_2730.jpg	6
train_2731.jpg	1
train_2732.jpg	5
train_2733.jpg	6
train_2734.jpg	4
train_2735.jpg	1
train_2736.jpg	1
train_2737.jpg	4
train_2738.jpg	9
train_2739.jpg	1
train_2740.jpg	4
train_2741.jpg	0
train_2742.jpg	8
train_2743.jpg	1
train_2744.jpg	7
train_2745.jpg	2
train_2746.jpg	8
train_2747.jpg	7
train_2748.jpg	7
train_2749.jpg	6
train_2750.jpg	5
train_2751.jpg	5
train_2752.jpg	2
train_2753.jpg	5
train_2754.jpg	6
train_2755.jpg	0
train_2756.jpg	6
train_2757.jpg	3
train_2758.jpg	4
train_2759.jpg	2
train_2760.jpg	2
train_2761.jpg	2
train_2762.jpg	1
train_2763.jpg	6
train_2764.jpg	2
train_2765.jpg	4
train_2766.jpg	3
train_2767.jpg	6
train_2768.jpg	3
train_2769.jpg	9
train_2770.jpg	4
train_2771.jpg	5
train_2772.jpg	2
train_2773.jpg	1
train_2774.jpg	5
train_2775.jpg	9
train_2776.jpg	7
train_2777.jpg	9
train_2778.jpg	9
train_2779.jpg	4
train_2780.jpg	4
train_2781.jpg	0
train_2782.jpg	4
train_2783.jpg	9
train_2784.jpg	2
train_2785.jpg	6
train_2786.jpg	7
train_2787.jpg	4
train_2788.jpg	8
train_2789.jpg	2
train_2790.jpg	4
train_2791.jpg	0
train_2792.jpg	6
train_2793.jpg	9
train_2794.jpg	0
train_2795.jpg	8
train_2796.jpg	8
train_2797.jpg	0
train_2798.jpg	4
train_2799.jpg	2
train_2800.jpg	9
train_2801.jpg	4
train_2802.jpg	2
train_2803.jpg	9
train_2804.jpg	8
train_2805.jpg	7
train_2806.jpg	2
train_2807.jpg	8
train_2808.jpg	4
train_2809.jpg	4
train_2810.jpg	1
train_2811.jpg	6
train_2812.jpg	4
train_2813.jpg	8
train_2814.jpg	4
train_2815.jpg	9
train_2816.jpg	6
train_2817.jpg	0
train_2818.jpg	1
train_2819.jpg	0
train_2820.jpg	6
train_2821.jpg	6
train_2822.jpg	6
train_2823.jpg	5
train_2824.jpg	7
train_2825.jpg	6
train_2826.jpg	1
train_2827.jpg	5
train_2828.jpg	2
train_2829.jpg	2
train_2830.jpg	7
train_2831.jpg	2
train_2832.jpg	9
train_2833.jpg	8
train_2834.jpg	5
train_2835.jpg	2
train_2836.jpg	8
train_2837.jpg	3
train_2838.jpg	5
train_2839.jpg	0
train_2840.jpg	8
train_2841.jpg	6
train_2842.jpg	9
train_2843.jpg	6
train_2844.jpg	5
train_2845.jpg	6
train_2846.jpg	1
train_2847.jpg	0
train_2848.jpg	3
train_2849.jpg	7
train_2850.jpg	6
train_2851.jpg	9
train_2852.jpg	4
train_2853.jpg	4
train_2854.jpg	4
train_2855.jpg	6
train_2856.jpg	5
train_2857.jpg	8
train_2858.jpg	1
train_2859.jpg	8
train_2860.jpg	5
train_2861.jpg	7
train_2862.jpg	3
train_2863.jpg	4
train_2864.jpg	3
train_2865.jpg	3
train_2866.jpg	5
train_2867.jpg	1
train_2868.jpg	8
train_2869.jpg	2
train_2870.jpg	4
train_2871.jpg	6
train_2872.jpg	4
train_2873.jpg	8
train_2874.jpg	6
train_2875.jpg	4
train_2876.jpg	1
train_2877.jpg	6
train_2878.jpg	7
train_2879.jpg	3
train_2880.jpg	8
train_2881.jpg	6
train_2882.jpg	4
train_2883.jpg	8
train_2884.jpg	7
train_2885.jpg	9
train_2886.jpg	3
train_2887.jpg	9
train_2888.jpg	8
train_2889.jpg	5
train_2890.jpg	8
train_2891.jpg	2
train_2892.jpg	0
train_2893.jpg	5
train_2894.jpg	4
train_2895.jpg	0
train_2896.jpg	8
train_2897.jpg	8
train_2898.jpg	1
train_2899.jpg	7
train_2900.jpg	9
train_2901.jpg	1
train_2902.jpg	4
train_2903.jpg	2
train_2904.jpg	3
train_2905.jpg	1
train_2906.jpg	5
train_2907.jpg	2
train_2908.jpg	7
train_2909.jpg	0
train_2910.jpg	0
train_2911.jpg	9
train_2912.jpg	2
train_2913.jpg	6
train_2914.jpg	7
train_2915.jpg	7
train_2916.jpg	7
train_2917.jpg	7
train_2918.jpg	0
train_2919.jpg	8
train_2920.jpg	4
train_2921.jpg	9
train_2922.jpg	5
train_2923.jpg	4
train_2924.jpg	8
train_2925.jpg	4
train_2926.jpg	2
train_2927.jpg	6
train_2928.jpg	3
train_2929.jpg	8
train_2930.jpg	0
train_2931.jpg	1
train_2932.jpg	0
train_2933.jpg	9
train_2934.jpg	0
train_2935.jpg	7
train_2936.jpg	9
train_2937.jpg	7
train_2938.jpg	4
train_2939.jpg	4
train_2940.jpg	1
train_2941.jpg	5
train_2942.jpg	9
train_2943.jpg	8
train_2944.jpg	9
train_2945.jpg	1
train_2946.jpg	1
train_2947.jpg	6
train_2948.jpg	4
train_2949.jpg	7
train_2950.jpg	5
train_2951.jpg	1
train_2952.jpg	2
train_2953.jpg	0
train_2954.jpg	8
train_2955.jpg	8
train_2956.jpg	5
train_2957.jpg	5
train_2958.jpg	1
train_2959.jpg	6
train_2960.jpg	8
train_2961.jpg	4
train_2962.jpg	1
train_2963.jpg	8
train_2964.jpg	1
train_2965.jpg	1
train_2966.jpg	8
train_2967.jpg	4
train_2968.jpg	0
train_2969.jpg	5
train_2970.jpg	2
train_2971.jpg	6
train_2972.jpg	9
train_2973.jpg	8
train_2974.jpg	6
train_2975.jpg	2
train_2976.jpg	5
train_2977.jpg	7
train_2978.jpg	0
train_2979.jpg	9
train_2980.jpg	8
train_2981.jpg	2
train_2982.jpg	2
train_2983.jpg	8
train_2984.jpg	6
train_2985.jpg	5
train_2986.jpg	5
train_2987.jpg	1
train_2988.jpg	7
train_2989.jpg	4
train_2990.jpg	5
train_2991.jpg	9
train_2992.jpg	8
train_2993.jpg	1
train_2994.jpg	3
train_2995.jpg	8
train_2996.jpg	7
train_2997.jpg	6
train_2998.jpg	3
train_2999.jpg	6
train_3000.jpg	6
train_3001.jpg	9
train_3002.jpg	2
train_3003.jpg	1
train_3004.jpg	1
train_3005.jpg	2
train_3006.jpg	8
train_3007.jpg	9
train_3008.jpg	7
train_3009.jpg	1
train_3010.jpg	9
train_3011.jpg	4
train_3012.jpg	0
train_3013.jpg	7
train_3014.jpg	1
train_3015.jpg	8
train_3016.jpg	1
train_3017.jpg	9
train_3018.jpg	4
train_3019.jpg	3
train_3020.jpg	9
train_3021.jpg	4
train_3022.jpg	0
train_3023.jpg	4
train_3024.jpg	0
train_3025.jpg	0
train_3026.jpg	1
train_3027.jpg	9
train_3028.jpg	7
train_3029.jpg	9
train_3030.jpg	4
train_3031.jpg	2
train_3032.jpg	6
train_3033.jpg	6
train_3034.jpg	3
train_3035.jpg	1
train_3036.jpg	9
train_3037.jpg	0
train_3038.jpg	0
train_3039.jpg	6
train_3040.jpg	5
train_3041.jpg	5
train_3042.jpg	4
train_3043.jpg	3
train_3044.jpg	8
train_3045.jpg	2
train_3046.jpg	7
train_3047.jpg	2
train_3048.jpg	9
train_3049.jpg	7
train_3050.jpg	0
train_3051.jpg	1
train_3052.jpg	2
train_3053.jpg	5
train_3054.jpg	4
train_3055.jpg	6
train_3056.jpg	0
train_3057.jpg	6
train_3058.jpg	0
train_3059.jpg	5
train_3060.jpg	4
train_3061.jpg	0
train_3062.jpg	3
train_3063.jpg	7
train_3064.jpg	9
train_3065.jpg	8
train_3066.jpg	5
train_3067.jpg	6
train_3068.jpg	2
train_3069.jpg	7
train_3070.jpg	8
train_3071.jpg	3
train_3072.jpg	6
train_3073.jpg	9
train_3074.jpg	2
train_3075.jpg	5
train_3076.jpg	6
train_3077.jpg	2
train_3078.jpg	8
train_3079.jpg	6
train_3080.jpg	8
train_3081.jpg	0
train_3082.jpg	6
train_3083.jpg	3
train_3084.jpg	2
train_3085.jpg	1
train_3086.jpg	6
train_3087.jpg	8
train_3088.jpg	8
train_3089.jpg	1
train_3090.jpg	4
train_3091.jpg	3
train_3092.jpg	0
train_3093.jpg	6
train_3094.jpg	6
train_3095.jpg	3
train_3096.jpg	6
train_3097.jpg	0
train_3098.jpg	8
train_3099.jpg	1
train_3100.jpg	8
train_3101.jpg	8
train_3102.jpg	8
train_3103.jpg	6
train_3104.jpg	4
train_3105.jpg	3
train_3106.jpg	2
train_3107.jpg	6
train_3108.jpg	3
train_3109.jpg	8
train_3110.jpg	0
train_3111.jpg	5
train_3112.jpg	6
train_3113.jpg	0
train_3114.jpg	8
train_3115.jpg	8
train_3116.jpg	4
train_3117.jpg	6
train_3118.jpg	2
train_3119.jpg	5
train_3120.jpg	3
train_3121.jpg	5
train_3122.jpg	5
train_3123.jpg	8
train_3124.jpg	3
train_3125.jpg	0
train_3126.jpg	4
train_3127.jpg	6
train_3128.jpg	0
train_3129.jpg	4
train_3130.jpg	7
train_3131.jpg	5
train_3132.jpg	2
train_3133.jpg	6
train_3134.jpg	1
train_3135.jpg	2
train_3136.jpg	2
train_3137.jpg	4
train_3138.jpg	5
train_3139.jpg	4
train_3140.jpg	7
train_3141.jpg	2
train_3142.jpg	5
train_3143.jpg	1
train_3144.jpg	8
train_3145.jpg	1
train_3146.jpg	3
train_3147.jpg	4
train_3148.jpg	3
train_3149.jpg	6
train_3150.jpg	0
train_3151.jpg	2
train_3152.jpg	4
train_3153.jpg	9
train_3154.jpg	3
train_3155.jpg	8
train_3156.jpg	7
train_3157.jpg	6
train_3158.jpg	5
train_3159.jpg	9
train_3160.jpg	6
train_3161.jpg	0
train_3162.jpg	2
train_3163.jpg	4
train_3164.jpg	6
train_3165.jpg	8
train_3166.jpg	6
train_3167.jpg	5
train_3168.jpg	9
train_3169.jpg	3
train_3170.jpg	8
train_3171.jpg	1
train_3172.jpg	3
train_3173.jpg	5
train_3174.jpg	2
train_3175.jpg	8
train_3176.jpg	1
train_3177.jpg	6
train_3178.jpg	3
train_3179.jpg	6
train_3180.jpg	2
train_3181.jpg	0
train_3182.jpg	3
train_3183.jpg	9
train_3184.jpg	0
train_3185.jpg	5
train_3186.jpg	2
train_3187.jpg	4
train_3188.jpg	3
train_3189.jpg	8
train_3190.jpg	8
train_3191.jpg	2
train_3192.jpg	1
train_3193.jpg	4
train_3194.jpg	1
train_3195.jpg	3
train_3196.jpg	5
train_3197.jpg	6
train_3198.jpg	2
train_3199.jpg	9
train_3200.jpg	1
train_3201.jpg	2
train_3202.jpg	7
train_3203.jpg	3
train_3204.jpg	6
train_3205.jpg	4
train_3206.jpg	8
train_3207.jpg	9
train_3208.jpg	1
train_3209.jpg	9
train_3210.jpg	6
train_3211.jpg	3
train_3212.jpg	8
train_3213.jpg	4
train_3214.jpg	9
train_3215.jpg	8
train_3216.jpg	5
train_3217.jpg	7
train_3218.jpg	8
train_3219.jpg	0
train_3220.jpg	3
train_3221.jpg	2
train_3222.jpg	3
train_3223.jpg	8
train_3224.jpg	4
train_3225.jpg	8
train_3226.jpg	2
train_3227.jpg	3
train_3228.jpg	0
train_3229.jpg	3
train_3230.jpg	4
train_3231.jpg	4
train_3232.jpg	1
train_3233.jpg	0
train_3234.jpg	0
train_3235.jpg	2
train_3236.jpg	7
train_3237.jpg	9
train_3238.jpg	6
train_3239.jpg	7
train_3240.jpg	0
train_3241.jpg	3
train_3242.jpg	2
train_3243.jpg	2
train_3244.jpg	7
train_3245.jpg	5
train_3246.jpg	3
train_3247.jpg	0
train_3248.jpg	1
train_3249.jpg	1
train_3250.jpg	7
train_3251.jpg	6
train_3252.jpg	2
train_3253.jpg	2
train_3254.jpg	5
train_3255.jpg	5
train_3256.jpg	0
train_3257.jpg	6
train_3258.jpg	1
train_3259.jpg	0
train_3260.jpg	5
train_3261.jpg	9
train_3262.jpg	5
train_3263.jpg	7
train_3264.jpg	9
train_3265.jpg	7
train_3266.jpg	8
train_3267.jpg	0
train_3268.jpg	6
train_3269.jpg	7
train_3270.jpg	1
train_3271.jpg	1
train_3272.jpg	9
train_3273.jpg	7
train_3274.jpg	2
train_3275.jpg	8
train_3276.jpg	9
train_3277.jpg	3
train_3278.jpg	7
train_3279.jpg	4
train_3280.jpg	0
train_3281.jpg	9
train_3282.jpg	1
train_3283.jpg	2
train_3284.jpg	0
train_3285.jpg	7
train_3286.jpg	8
train_3287.jpg	2
train_3288.jpg	2
train_3289.jpg	2
train_3290.jpg	9
train_3291.jpg	9
train_3292.jpg	3
train_3293.jpg	1
train_3294.jpg	3
train_3295.jpg	1
train_3296.jpg	7
train_3297.jpg	0
train_3298.jpg	2
train_3299.jpg	1
train_3300.jpg	3
train_3301.jpg	5
train_3302.jpg	7
train_3303.jpg	1
train_3304.jpg	8
train_3305.jpg	4
train_3306.jpg	9
train_3307.jpg	4
train_3308.jpg	6
train_3309.jpg	9
train_3310.jpg	7
train_3311.jpg	2
train_3312.jpg	3
train_3313.jpg	6
train_3314.jpg	0
train_3315.jpg	3
train_3316.jpg	9
train_3317.jpg	5
train_3318.jpg	9
train_3319.jpg	7
train_3320.jpg	6
train_3321.jpg	3
train_3322.jpg	6
train_3323.jpg	4
train_3324.jpg	9
train_3325.jpg	2
train_3326.jpg	1
train_3327.jpg	5
train_3328.jpg	7
train_3329.jpg	7
train_3330.jpg	1
train_3331.jpg	7
train_3332.jpg	0
train_3333.jpg	1
train_3334.jpg	3
train_3335.jpg	8
train_3336.jpg	3
train_3337.jpg	6
train_3338.jpg	4
train_3339.jpg	9
train_3340.jpg	2
train_3341.jpg	0
train_3342.jpg	7
train_3343.jpg	6
train_3344.jpg	5
train_3345.jpg	2
train_3346.jpg	4
train_3347.jpg	8
train_3348.jpg	7
train_3349.jpg	5
train_3350.jpg	5
train_3351.jpg	9
train_3352.jpg	1
train_3353.jpg	8
train_3354.jpg	4
train_3355.jpg	6
train_3356.jpg	0
train_3357.jpg	6
train_3358.jpg	1
train_3359.jpg	1
train_3360.jpg	9
train_3361.jpg	8
train_3362.jpg	6
train_3363.jpg	1
train_3364.jpg	6
train_3365.jpg	0
train_3366.jpg	7
train_3367.jpg	6
train_3368.jpg	2
train_3369.jpg	6
train_3370.jpg	5
train_3371.jpg	2
train_3372.jpg	2
train_3373.jpg	0
train_3374.jpg	4
train_3375.jpg	1
train_3376.jpg	4
train_3377.jpg	2
train_3378.jpg	0
train_3379.jpg	9
train_3380.jpg	4
train_3381.jpg	2
train_3382.jpg	7
train_3383.jpg	2
train_3384.jpg	9
train_3385.jpg	7
train_3386.jpg	1
train_3387.jpg	2
train_3388.jpg	6
train_3389.jpg	8
train_3390.jpg	4
train_3391.jpg	7
train_3392.jpg	7
train_3393.jpg	7
train_3394.jpg	7
train_3395.jpg	0
train_3396.jpg	1
train_3397.jpg	8
train_3398.jpg	9
train_3399.jpg	8
train_3400.jpg	8
train_3401.jpg	8
train_3402.jpg	5
train_3403.jpg	3
train_3404.jpg	1
train_3405.jpg	7
train_3406.jpg	4
train_3407.jpg	6
train_3408.jpg	6
train_3409.jpg	3
train_3410.jpg	8
train_3411.jpg	4
train_3412.jpg	3
train_3413.jpg	0
train_3414.jpg	5
train_3415.jpg	1
train_3416.jpg	3
train_3417.jpg	9
train_3418.jpg	8
train_3419.jpg	6
train_3420.jpg	6
train_3421.jpg	2
train_3422.jpg	4
train_3423.jpg	7
train_3424.jpg	0
train_3425.jpg	7
train_3426.jpg	1
train_3427.jpg	1
train_3428.jpg	3
train_3429.jpg	7
train_3430.jpg	9
train_3431.jpg	7
train_3432.jpg	0
train_3433.jpg	7
train_3434.jpg	2
train_3435.jpg	9
train_3436.jpg	0
train_3437.jpg	8
train_3438.jpg	0
train_3439.jpg	4
train_3440.jpg	4
train_3441.jpg	4
train_3442.jpg	7
train_3443.jpg	7
train_3444.jpg	9
train_3445.jpg	8
train_3446.jpg	2
train_3447.jpg	0
train_3448.jpg	6
train_3449.jpg	1
train_3450.jpg	2
train_3451.jpg	3
train_3452.jpg	1
train_3453.jpg	7
train_3454.jpg	9
train_3455.jpg	3
train_3456.jpg	9
train_3457.jpg	8
train_3458.jpg	6
train_3459.jpg	3
train_3460.jpg	2
train_3461.jpg	3
train_3462.jpg	8
train_3463.jpg	3
train_3464.jpg	9
train_3465.jpg	3
train_3466.jpg	2
train_3467.jpg	2
train_3468.jpg	3
train_3469.jpg	0
train_3470.jpg	0
train_3471.jpg	9
train_3472.jpg	3
train_3473.jpg	6
train_3474.jpg	1
train_3475.jpg	9
train_3476.jpg	9
train_3477.jpg	5
train_3478.jpg	5
train_3479.jpg	0
train_3480.jpg	4
train_3481.jpg	0
train_3482.jpg	0
train_3483.jpg	8
train_3484.jpg	4
train_3485.jpg	2
train_3486.jpg	8
train_3487.jpg	8
train_3488.jpg	6
train_3489.jpg	4
train_3490.jpg	5
train_3491.jpg	7
train_3492.jpg	5
train_3493.jpg	6
train_3494.jpg	8
train_3495.jpg	2
train_3496.jpg	8
train_3497.jpg	3
train_3498.jpg	9
train_3499.jpg	9
train_3500.jpg	4
train_3501.jpg	8
train_3502.jpg	4
train_3503.jpg	6
train_3504.jpg	1
train_3505.jpg	9
train_3506.jpg	0
train_3507.jpg	9
train_3508.jpg	6
train_3509.jpg	0
train_3510.jpg	2
train_3511.jpg	2
train_3512.jpg	1
train_3513.jpg	8
train_3514.jpg	3
train_3515.jpg	2
train_3516.jpg	9
train_3517.jpg	1
train_3518.jpg	2
train_3519.jpg	6
train_3520.jpg	6
train_3521.jpg	6
train_3522.jpg	1
train_3523.jpg	9
train_3524.jpg	5
train_3525.jpg	9
train_3526.jpg	3
train_3527.jpg	8
train_3528.jpg	3
train_3529.jpg	6
train_3530.jpg	9
train_3531.jpg	1
train_3532.jpg	9
train_3533.jpg	1
train_3534.jpg	2
train_3535.jpg	5
train_3536.jpg	2
train_3537.jpg	3
train_3538.jpg	7
train_3539.jpg	9
train_3540.jpg	7
train_3541.jpg	4
train_3542.jpg	2
train_3543.jpg	2
train_3544.jpg	8
train_3545.jpg	1
train_3546.jpg	2
train_3547.jpg	5
train_3548.jpg	2
train_3549.jpg	3
train_3550.jpg	8
train_3551.jpg	8
train_3552.jpg	0
train_3553.jpg	7
train_3554.jpg	8
train_3555.jpg	6
train_3556.jpg	1
train_3557.jpg	6
train_3558.jpg	7
train_3559.jpg	8
train_3560.jpg	1
train_3561.jpg	1
train_3562.jpg	6
train_3563.jpg	7
train_3564.jpg	8
train_3565.jpg	6
train_3566.jpg	3
train_3567.jpg	8
train_3568.jpg	2
train_3569.jpg	1
train_3570.jpg	2
train_3571.jpg	6
train_3572.jpg	5
train_3573.jpg	9
train_3574.jpg	9
train_3575.jpg	2
train_3576.jpg	8
train_3577.jpg	0
train_3578.jpg	9
train_3579.jpg	5
train_3580.jpg	2
train_3581.jpg	6
train_3582.jpg	0
train_3583.jpg	1
train_3584.jpg	5
train_3585.jpg	5
train_3586.jpg	4
train_3587.jpg	4
train_3588.jpg	0
train_3589.jpg	0
train_3590.jpg	9
train_3591.jpg	7
train_3592.jpg	2
train_3593.jpg	2
train_3594.jpg	1
train_3595.jpg	1
train_3596.jpg	3
train_3597.jpg	1
train_3598.jpg	4
train_3599.jpg	3
train_3600.jpg	7
train_3601.jpg	5
train_3602.jpg	5
train_3603.jpg	0
train_3604.jpg	7
train_3605.jpg	5
train_3606.jpg	3
train_3607.jpg	4
train_3608.jpg	0
train_3609.jpg	7
train_3610.jpg	8
train_3611.jpg	9
train_3612.jpg	8
train_3613.jpg	4
train_3614.jpg	6
train_3615.jpg	0
train_3616.jpg	0
train_3617.jpg	6
train_3618.jpg	0
train_3619.jpg	7
train_3620.jpg	8
train_3621.jpg	8
train_3622.jpg	7
train_3623.jpg	6
train_3624.jpg	7
train_3625.jpg	1
train_3626.jpg	3
train_3627.jpg	1
train_3628.jpg	6
train_3629.jpg	4
train_3630.jpg	7
train_3631.jpg	5
train_3632.jpg	1
train_3633.jpg	2
train_3634.jpg	9
train_3635.jpg	3
train_3636.jpg	4
train_3637.jpg	5
train_3638.jpg	9
train_3639.jpg	3
train_3640.jpg	6
train_3641.jpg	5
train_3642.jpg	9
train_3643.jpg	7
train_3644.jpg	6
train_3645.jpg	6
train_3646.jpg	4
train_3647.jpg	8
train_3648.jpg	9
train_3649.jpg	5
train_3650.jpg	3
train_3651.jpg	0
train_3652.jpg	0
train_3653.jpg	3
train_3654.jpg	9
train_3655.jpg	8
train_3656.jpg	3
train_3657.jpg	7
train_3658.jpg	7
train_3659.jpg	9
train_3660.jpg	8
train_3661.jpg	8
train_3662.jpg	6
train_3663.jpg	8
train_3664.jpg	5
train_3665.jpg	5
train_3666.jpg	2
train_3667.jpg	2
train_3668.jpg	2
train_3669.jpg	6
train_3670.jpg	2
train_3671.jpg	0
train_3672.jpg	7
train_3673.jpg	0
train_3674.jpg	2
train_3675.jpg	4
train_3676.jpg	5
train_3677.jpg	8
train_3678.jpg	3
train_3679.jpg	2
train_3680.jpg	8
train_3681.jpg	0
train_3682.jpg	0
train_3683.jpg	5
train_3684.jpg	5
train_3685.jpg	1
train_3686.jpg	9
train_3687.jpg	2
train_3688.jpg	3
train_3689.jpg	4
train_3690.jpg	8
train_3691.jpg	1
train_3692.jpg	7
train_3693.jpg	0
train_3694.jpg	3
train_3695.jpg	9
train_3696.jpg	6
train_3697.jpg	0
train_3698.jpg	5
train_3699.jpg	7
train_3700.jpg	6
train_3701.jpg	4
train_3702.jpg	6
train_3703.jpg	3
train_3704.jpg	6
train_3705.jpg	0
train_3706.jpg	1
train_3707.jpg	8
train_3708.jpg	6
train_3709.jpg	5
train_3710.jpg	1
train_3711.jpg	7
train_3712.jpg	1
train_3713.jpg	1
train_3714.jpg	9
train_3715.jpg	3
train_3716.jpg	2
train_3717.jpg	6
train_3718.jpg	9
train_3719.jpg	2
train_3720.jpg	9
train_3721.jpg	3
train_3722.jpg	7
train_3723.jpg	6
train_3724.jpg	6
train_3725.jpg	9
train_3726.jpg	3
train_3727.jpg	7
train_3728.jpg	5
train_3729.jpg	1
train_3730.jpg	4
train_3731.jpg	4
train_3732.jpg	8
train_3733.jpg	9
train_3734.jpg	1
train_3735.jpg	8
train_3736.jpg	0
train_3737.jpg	1
train_3738.jpg	5
train_3739.jpg	0
train_3740.jpg	4
train_3741.jpg	9
train_3742.jpg	0
train_3743.jpg	4
train_3744.jpg	5
train_3745.jpg	3
train_3746.jpg	4
train_3747.jpg	7
train_3748.jpg	1
train_3749.jpg	9
train_3750.jpg	6
train_3751.jpg	9
train_3752.jpg	9
train_3753.jpg	4
train_3754.jpg	9
train_3755.jpg	8
train_3756.jpg	7
train_3757.jpg	8
train_3758.jpg	1
train_3759.jpg	7
train_3760.jpg	2
train_3761.jpg	1
train_3762.jpg	8
train_3763.jpg	1
train_3764.jpg	6
train_3765.jpg	0
train_3766.jpg	8
train_3767.jpg	1
train_3768.jpg	5
train_3769.jpg	7
train_3770.jpg	1
train_3771.jpg	3
train_3772.jpg	9
train_3773.jpg	5
train_3774.jpg	7
train_3775.jpg	3
train_3776.jpg	3
train_3777.jpg	4
train_3778.jpg	8
train_3779.jpg	2
train_3780.jpg	4
train_3781.jpg	6
train_3782.jpg	5
train_3783.jpg	0
train_3784.jpg	5
train_3785.jpg	1
train_3786.jpg	6
train_3787.jpg	6
train_3788.jpg	9
train_3789.jpg	7
train_3790.jpg	8
train_3791.jpg	2
train_3792.jpg	5
train_3793.jpg	3
train_3794.jpg	2
train_3795.jpg	5
train_3796.jpg	7
train_3797.jpg	1
train_3798.jpg	4
train_3799.jpg	7
train_3800.jpg	0
train_3801.jpg	4
train_3802.jpg	9
train_3803.jpg	4
train_3804.jpg	4
train_3805.jpg	9
train_3806.jpg	5
train_3807.jpg	7
train_3808.jpg	8
train_3809.jpg	6
train_3810.jpg	3
train_3811.jpg	4
train_3812.jpg	6
train_3813.jpg	3
train_3814.jpg	8
train_3815.jpg	5
train_3816.jpg	4
train_3817.jpg	9
train_3818.jpg	8
train_3819.jpg	7
train_3820.jpg	1
train_3821.jpg	9
train_3822.jpg	0
train_3823.jpg	4
train_3824.jpg	8
train_3825.jpg	2
train_3826.jpg	7
train_3827.jpg	3
train_3828.jpg	5
train_3829.jpg	2
train_3830.jpg	6
train_3831.jpg	4
train_3832.jpg	8
train_3833.jpg	5
train_3834.jpg	1
train_3835.jpg	4
train_3836.jpg	7
train_3837.jpg	8
train_3838.jpg	9
train_3839.jpg	8
train_3840.jpg	0
train_3841.jpg	2
train_3842.jpg	7
train_3843.jpg	0
train_3844.jpg	7
train_3845.jpg	4
train_3846.jpg	7
train_3847.jpg	2
train_3848.jpg	0
train_3849.jpg	0
train_3850.jpg	3
train_3851.jpg	7
train_3852.jpg	0
train_3853.jpg	0
train_3854.jpg	6
train_3855.jpg	5
train_3856.jpg	6
train_3857.jpg	1
train_3858.jpg	3
train_3859.jpg	0
train_3860.jpg	8
train_3861.jpg	3
train_3862.jpg	6
train_3863.jpg	9
train_3864.jpg	3
train_3865.jpg	7
train_3866.jpg	0
train_3867.jpg	3
train_3868.jpg	1
train_3869.jpg	1
train_3870.jpg	5
train_3871.jpg	4
train_3872.jpg	6
train_3873.jpg	7
train_3874.jpg	4
train_3875.jpg	0
train_3876.jpg	5
train_3877.jpg	1
train_3878.jpg	9
train_3879.jpg	3
train_3880.jpg	4
train_3881.jpg	7
train_3882.jpg	2
train_3883.jpg	6
train_3884.jpg	5
train_3885.jpg	5
train_3886.jpg	4
train_3887.jpg	4
train_3888.jpg	3
train_3889.jpg	1
train_3890.jpg	3
train_3891.jpg	7
train_3892.jpg	5
train_3893.jpg	2
train_3894.jpg	8
train_3895.jpg	5
train_3896.jpg	4
train_3897.jpg	3
train_3898.jpg	9
train_3899.jpg	6
train_3900.jpg	2
train_3901.jpg	4
train_3902.jpg	4
train_3903.jpg	7
train_3904.jpg	4
train_3905.jpg	7
train_3906.jpg	3
train_3907.jpg	0
train_3908.jpg	5
train_3909.jpg	6
train_3910.jpg	6
train_3911.jpg	2
train_3912.jpg	2
train_3913.jpg	7
train_3914.jpg	9
train_3915.jpg	5
train_3916.jpg	6
train_3917.jpg	6
train_3918.jpg	7
train_3919.jpg	3
train_3920.jpg	0
train_3921.jpg	8
train_3922.jpg	3
train_3923.jpg	2
train_3924.jpg	4
train_3925.jpg	9
train_3926.jpg	9
train_3927.jpg	8
train_3928.jpg	1
train_3929.jpg	0
train_3930.jpg	4
train_3931.jpg	9
train_3932.jpg	5
train_3933.jpg	1
train_3934.jpg	8
train_3935.jpg	8
train_3936.jpg	8
train_3937.jpg	5
train_3938.jpg	1
train_3939.jpg	7
train_3940.jpg	8
train_3941.jpg	0
train_3942.jpg	4
train_3943.jpg	6
train_3944.jpg	8
train_3945.jpg	9
train_3946.jpg	3
train_3947.jpg	0
train_3948.jpg	9
train_3949.jpg	3
train_3950.jpg	1
train_3951.jpg	0
train_3952.jpg	8
train_3953.jpg	8
train_3954.jpg	9
train_3955.jpg	4
train_3956.jpg	3
train_3957.jpg	7
train_3958.jpg	6
train_3959.jpg	3
train_3960.jpg	1
train_3961.jpg	3
train_3962.jpg	0
train_3963.jpg	9
train_3964.jpg	0
train_3965.jpg	5
train_3966.jpg	2
train_3967.jpg	0
train_3968.jpg	7
train_3969.jpg	9
train_3970.jpg	5
train_3971.jpg	0
train_3972.jpg	6
train_3973.jpg	0
train_3974.jpg	9
train_3975.jpg	1
train_3976.jpg	5
train_3977.jpg	4
train_3978.jpg	5
train_3979.jpg	8
train_3980.jpg	5
train_3981.jpg	3
train_3982.jpg	3
train_3983.jpg	3
train_3984.jpg	9
train_3985.jpg	2
train_3986.jpg	0
train_3987.jpg	9
train_3988.jpg	2
train_3989.jpg	7
train_3990.jpg	7
train_3991.jpg	3
train_3992.jpg	3
train_3993.jpg	5
train_3994.jpg	7
train_3995.jpg	1
train_3996.jpg	5
train_3997.jpg	2
train_3998.jpg	2
train_3999.jpg	3
train_4000.jpg	3
train_4001.jpg	5
train_4002.jpg	0
train_4003.jpg	0
train_4004.jpg	9
train_4005.jpg	7
train_4006.jpg	9
train_4007.jpg	1
train_4008.jpg	9
train_4009.jpg	4
train_4010.jpg	2
train_4011.jpg	6
train_4012.jpg	1
train_4013.jpg	0
train_4014.jpg	8
train_4015.jpg	2
train_4016.jpg	1
train_4017.jpg	2
train_4018.jpg	5
train_4019.jpg	6
train_4020.jpg	4
train_4021.jpg	3
train_4022.jpg	1
train_4023.jpg	2
train_4024.jpg	5
train_4025.jpg	0
train_4026.jpg	6
train_4027.jpg	2
train_4028.jpg	5
train_4029.jpg	1
train_4030.jpg	7
train_4031.jpg	5
train_4032.jpg	6
train_4033.jpg	6
train_4034.jpg	1
train_4035.jpg	8
train_4036.jpg	4
train_4037.jpg	0
train_4038.jpg	6
train_4039.jpg	2
train_4040.jpg	2
train_4041.jpg	0
train_4042.jpg	6
train_4043.jpg	0
train_4044.jpg	2
train_4045.jpg	2
train_4046.jpg	7
train_4047.jpg	3
train_4048.jpg	1
train_4049.jpg	5
train_4050.jpg	2
train_4051.jpg	1
train_4052.jpg	2
train_4053.jpg	2
train_4054.jpg	8
train_4055.jpg	9
train_4056.jpg	9
train_4057.jpg	2
train_4058.jpg	9
train_4059.jpg	5
train_4060.jpg	5
train_4061.jpg	4
train_4062.jpg	3
train_4063.jpg	2
train_4064.jpg	9
train_4065.jpg	8
train_4066.jpg	1
train_4067.jpg	1
train_4068.jpg	8
train_4069.jpg	7
train_4070.jpg	5
train_4071.jpg	3
train_4072.jpg	2
train_4073.jpg	2
train_4074.jpg	5
train_4075.jpg	3
train_4076.jpg	1
train_4077.jpg	3
train_4078.jpg	4
train_4079.jpg	1
train_4080.jpg	9
train_4081.jpg	7
train_4082.jpg	3
train_4083.jpg	8
train_4084.jpg	8
train_4085.jpg	7
train_4086.jpg	1
train_4087.jpg	7
train_4088.jpg	4
train_4089.jpg	3
train_4090.jpg	2
train_4091.jpg	9
train_4092.jpg	1
train_4093.jpg	3
train_4094.jpg	9
train_4095.jpg	7
train_4096.jpg	4
train_4097.jpg	3
train_4098.jpg	9
train_4099.jpg	3
train_4100.jpg	7
train_4101.jpg	3
train_4102.jpg	9
train_4103.jpg	2
train_4104.jpg	1
train_4105.jpg	6
train_4106.jpg	7
train_4107.jpg	1
train_4108.jpg	7
train_4109.jpg	1
train_4110.jpg	6
train_4111.jpg	8
train_4112.jpg	1
train_4113.jpg	2
train_4114.jpg	5
train_4115.jpg	1
train_4116.jpg	7
train_4117.jpg	9
train_4118.jpg	0
train_4119.jpg	3
train_4120.jpg	0
train_4121.jpg	2
train_4122.jpg	9
train_4123.jpg	8
train_4124.jpg	7
train_4125.jpg	3
train_4126.jpg	6
train_4127.jpg	9
train_4128.jpg	4
train_4129.jpg	6
train_4130.jpg	9
train_4131.jpg	5
train_4132.jpg	8
train_4133.jpg	0
train_4134.jpg	1
train_4135.jpg	1
train_4136.jpg	1
train_4137.jpg	3
train_4138.jpg	8
train_4139.jpg	2
train_4140.jpg	3
train_4141.jpg	9
train_4142.jpg	7
train_4143.jpg	9
train_4144.jpg	6
train_4145.jpg	1
train_4146.jpg	4
train_4147.jpg	6
train_4148.jpg	9
train_4149.jpg	4
train_4150.jpg	0
train_4151.jpg	2
train_4152.jpg	2
train_4153.jpg	2
train_4154.jpg	6
train_4155.jpg	0
train_4156.jpg	6
train_4157.jpg	4
train_4158.jpg	2
train_4159.jpg	3
train_4160.jpg	4
train_4161.jpg	4
train_4162.jpg	5
train_4163.jpg	8
train_4164.jpg	4
train_4165.jpg	0
train_4166.jpg	9
train_4167.jpg	2
train_4168.jpg	3
train_4169.jpg	9
train_4170.jpg	2
train_4171.jpg	2
train_4172.jpg	9
train_4173.jpg	7
train_4174.jpg	6
train_4175.jpg	7
train_4176.jpg	2
train_4177.jpg	2
train_4178.jpg	6
train_4179.jpg	8
train_4180.jpg	5
train_4181.jpg	8
train_4182.jpg	3
train_4183.jpg	8
train_4184.jpg	9
train_4185.jpg	6
train_4186.jpg	0
train_4187.jpg	2
train_4188.jpg	3
train_4189.jpg	7
train_4190.jpg	3
train_4191.jpg	3
train_4192.jpg	8
train_4193.jpg	8
train_4194.jpg	1
train_4195.jpg	9
train_4196.jpg	4
train_4197.jpg	7
train_4198.jpg	3
train_4199.jpg	5
train_4200.jpg	3
train_4201.jpg	4
train_4202.jpg	6
train_4203.jpg	5
train_4204.jpg	7
train_4205.jpg	9
train_4206.jpg	7
train_4207.jpg	7
train_4208.jpg	7
train_4209.jpg	7
train_4210.jpg	2
train_4211.jpg	5
train_4212.jpg	4
train_4213.jpg	7
train_4214.jpg	3
train_4215.jpg	0
train_4216.jpg	1
train_4217.jpg	9
train_4218.jpg	6
train_4219.jpg	8
train_4220.jpg	8
train_4221.jpg	9
train_4222.jpg	0
train_4223.jpg	8
train_4224.jpg	5
train_4225.jpg	4
train_4226.jpg	7
train_4227.jpg	4
train_4228.jpg	7
train_4229.jpg	9
train_4230.jpg	1
train_4231.jpg	4
train_4232.jpg	7
train_4233.jpg	2
train_4234.jpg	9
train_4235.jpg	7
train_4236.jpg	7
train_4237.jpg	0
train_4238.jpg	0
train_4239.jpg	3
train_4240.jpg	7
train_4241.jpg	4
train_4242.jpg	2
train_4243.jpg	3
train_4244.jpg	1
train_4245.jpg	0
train_4246.jpg	8
train_4247.jpg	5
train_4248.jpg	1
train_4249.jpg	8
train_4250.jpg	3
train_4251.jpg	4
train_4252.jpg	1
train_4253.jpg	7
train_4254.jpg	1
train_4255.jpg	0
train_4256.jpg	7
train_4257.jpg	9
train_4258.jpg	9
train_4259.jpg	2
train_4260.jpg	8
train_4261.jpg	3
train_4262.jpg	1
train_4263.jpg	1
train_4264.jpg	4
train_4265.jpg	6
train_4266.jpg	1
train_4267.jpg	2
train_4268.jpg	2
train_4269.jpg	1
train_4270.jpg	0
train_4271.jpg	3
train_4272.jpg	5
train_4273.jpg	1
train_4274.jpg	2
train_4275.jpg	3
train_4276.jpg	7
train_4277.jpg	9
train_4278.jpg	0
train_4279.jpg	8
train_4280.jpg	1
train_4281.jpg	4
train_4282.jpg	6
train_4283.jpg	0
train_4284.jpg	7
train_4285.jpg	3
train_4286.jpg	6
train_4287.jpg	4
train_4288.jpg	9
train_4289.jpg	5
train_4290.jpg	4
train_4291.jpg	9
train_4292.jpg	2
train_4293.jpg	3
train_4294.jpg	7
train_4295.jpg	0
train_4296.jpg	6
train_4297.jpg	6
train_4298.jpg	7
train_4299.jpg	0
train_4300.jpg	6
train_4301.jpg	9
train_4302.jpg	4
train_4303.jpg	5
train_4304.jpg	5
train_4305.jpg	4
train_4306.jpg	9
train_4307.jpg	4
train_4308.jpg	1
train_4309.jpg	3
train_4310.jpg	0
train_4311.jpg	1
train_4312.jpg	7
train_4313.jpg	2
train_4314.jpg	2
train_4315.jpg	9
train_4316.jpg	8
train_4317.jpg	7
train_4318.jpg	2
train_4319.jpg	1
train_4320.jpg	8
train_4321.jpg	5
train_4322.jpg	0
train_4323.jpg	8
train_4324.jpg	6
train_4325.jpg	1
train_4326.jpg	7
train_4327.jpg	3
train_4328.jpg	7
train_4329.jpg	2
train_4330.jpg	0
train_4331.jpg	9
train_4332.jpg	9
train_4333.jpg	4
train_4334.jpg	7
train_4335.jpg	4
train_4336.jpg	4
train_4337.jpg	2
train_4338.jpg	5
train_4339.jpg	6
train_4340.jpg	6
train_4341.jpg	3
train_4342.jpg	9
train_4343.jpg	5
train_4344.jpg	3
train_4345.jpg	0
train_4346.jpg	0
train_4347.jpg	1
train_4348.jpg	2
train_4349.jpg	3
train_4350.jpg	5
train_4351.jpg	6
train_4352.jpg	0
train_4353.jpg	6
train_4354.jpg	3
train_4355.jpg	4
train_4356.jpg	7
train_4357.jpg	2
train_4358.jpg	3
train_4359.jpg	4
train_4360.jpg	0
train_4361.jpg	1
train_4362.jpg	4
train_4363.jpg	3
train_4364.jpg	9
train_4365.jpg	9
train_4366.jpg	8
train_4367.jpg	8
train_4368.jpg	5
train_4369.jpg	9
train_4370.jpg	0
train_4371.jpg	1
train_4372.jpg	2
train_4373.jpg	9
train_4374.jpg	6
train_4375.jpg	0
train_4376.jpg	8
train_4377.jpg	3
train_4378.jpg	0
train_4379.jpg	0
train_4380.jpg	2
train_4381.jpg	8
train_4382.jpg	4
train_4383.jpg	5
train_4384.jpg	0
train_4385.jpg	0
train_4386.jpg	0
train_4387.jpg	2
train_4388.jpg	7
train_4389.jpg	0
train_4390.jpg	6
train_4391.jpg	1
train_4392.jpg	6
train_4393.jpg	9
train_4394.jpg	4
train_4395.jpg	0
train_4396.jpg	4
train_4397.jpg	6
train_4398.jpg	2
train_4399.jpg	9
train_4400.jpg	3
train_4401.jpg	5
train_4402.jpg	9
train_4403.jpg	8
train_4404.jpg	7
train_4405.jpg	8
train_4406.jpg	9
train_4407.jpg	6
train_4408.jpg	7
train_4409.jpg	2
train_4410.jpg	2
train_4411.jpg	4
train_4412.jpg	3
train_4413.jpg	1
train_4414.jpg	8
train_4415.jpg	6
train_4416.jpg	3
train_4417.jpg	8
train_4418.jpg	8
train_4419.jpg	0
train_4420.jpg	5
train_4421.jpg	0
train_4422.jpg	1
train_4423.jpg	3
train_4424.jpg	5
train_4425.jpg	4
train_4426.jpg	3
train_4427.jpg	2
train_4428.jpg	3
train_4429.jpg	0
train_4430.jpg	8
train_4431.jpg	4
train_4432.jpg	0
train_4433.jpg	8
train_4434.jpg	1
train_4435.jpg	0
train_4436.jpg	5
train_4437.jpg	8
train_4438.jpg	6
train_4439.jpg	8
train_4440.jpg	7
train_4441.jpg	7
train_4442.jpg	6
train_4443.jpg	4
train_4444.jpg	9
train_4445.jpg	2
train_4446.jpg	9
train_4447.jpg	7
train_4448.jpg	0
train_4449.jpg	9
train_4450.jpg	1
train_4451.jpg	0
train_4452.jpg	2
train_4453.jpg	1
train_4454.jpg	0
train_4455.jpg	2
train_4456.jpg	1
train_4457.jpg	7
train_4458.jpg	7
train_4459.jpg	8
train_4460.jpg	9
train_4461.jpg	1
train_4462.jpg	3
train_4463.jpg	3
train_4464.jpg	4
train_4465.jpg	5
train_4466.jpg	8
train_4467.jpg	4
train_4468.jpg	1
train_4469.jpg	5
train_4470.jpg	0
train_4471.jpg	2
train_4472.jpg	6
train_4473.jpg	1
train_4474.jpg	7
train_4475.jpg	6
train_4476.jpg	3
train_4477.jpg	2
train_4478.jpg	7
train_4479.jpg	1
train_4480.jpg	8
train_4481.jpg	3
train_4482.jpg	8
train_4483.jpg	0
train_4484.jpg	9
train_4485.jpg	8
train_4486.jpg	6
train_4487.jpg	6
train_4488.jpg	5
train_4489.jpg	4
train_4490.jpg	7
train_4491.jpg	1
train_4492.jpg	6
train_4493.jpg	1
train_4494.jpg	7
train_4495.jpg	3
train_4496.jpg	8
train_4497.jpg	3
train_4498.jpg	4
train_4499.jpg	9
train_4500.jpg	7
train_4501.jpg	1
train_4502.jpg	0
train_4503.jpg	6
train_4504.jpg	2
train_4505.jpg	1
train_4506.jpg	5
train_4507.jpg	8
train_4508.jpg	0
train_4509.jpg	0
train_4510.jpg	7
train_4511.jpg	9
train_4512.jpg	0
train_4513.jpg	1
train_4514.jpg	8
train_4515.jpg	5
train_4516.jpg	3
train_4517.jpg	0
train_4518.jpg	6
train_4519.jpg	4
train_4520.jpg	4
train_4521.jpg	3
train_4522.jpg	9
train_4523.jpg	0
train_4524.jpg	5
train_4525.jpg	6
train_4526.jpg	0
train_4527.jpg	4
train_4528.jpg	5
train_4529.jpg	0
train_4530.jpg	1
train_4531.jpg	7
train_4532.jpg	3
train_4533.jpg	5
train_4534.jpg	5
train_4535.jpg	6
train_4536.jpg	1
train_4537.jpg	6
train_4538.jpg	4
train_4539.jpg	1
train_4540.jpg	6
train_4541.jpg	3
train_4542.jpg	6
train_4543.jpg	4
train_4544.jpg	7
train_4545.jpg	1
train_4546.jpg	2
train_4547.jpg	6
train_4548.jpg	7
train_4549.jpg	1
train_4550.jpg	4
train_4551.jpg	1
train_4552.jpg	0
train_4553.jpg	8
train_4554.jpg	9
train_4555.jpg	8
train_4556.jpg	8
train_4557.jpg	1
train_4558.jpg	9
train_4559.jpg	5
train_4560.jpg	2
train_4561.jpg	2
train_4562.jpg	5
train_4563.jpg	1
train_4564.jpg	0
train_4565.jpg	2
train_4566.jpg	9
train_4567.jpg	0
train_4568.jpg	5
train_4569.jpg	1
train_4570.jpg	1
train_4571.jpg	0
train_4572.jpg	9
train_4573.jpg	0
train_4574.jpg	8
train_4575.jpg	5
train_4576.jpg	2
train_4577.jpg	3
train_4578.jpg	4
train_4579.jpg	3
train_4580.jpg	8
train_4581.jpg	6
train_4582.jpg	6
train_4583.jpg	9
train_4584.jpg	9
train_4585.jpg	5
train_4586.jpg	1
train_4587.jpg	4
train_4588.jpg	8
train_4589.jpg	8
train_4590.jpg	9
train_4591.jpg	2
train_4592.jpg	4
train_4593.jpg	9
train_4594.jpg	3
train_4595.jpg	9
train_4596.jpg	8
train_4597.jpg	9
train_4598.jpg	7
train_4599.jpg	7
train_4600.jpg	1
train_4601.jpg	4
train_4602.jpg	6
train_4603.jpg	7
train_4604.jpg	1
train_4605.jpg	3
train_4606.jpg	8
train_4607.jpg	9
train_4608.jpg	4
train_4609.jpg	2
train_4610.jpg	5
train_4611.jpg	9
train_4612.jpg	1
train_4613.jpg	4
train_4614.jpg	9
train_4615.jpg	4
train_4616.jpg	3
train_4617.jpg	8
train_4618.jpg	2
train_4619.jpg	4
train_4620.jpg	6
train_4621.jpg	2
train_4622.jpg	4
train_4623.jpg	3
train_4624.jpg	9
train_4625.jpg	1
train_4626.jpg	5
train_4627.jpg	0
train_4628.jpg	2
train_4629.jpg	8
train_4630.jpg	8
train_4631.jpg	3
train_4632.jpg	0
train_4633.jpg	4
train_4634.jpg	4
train_4635.jpg	4
train_4636.jpg	4
train_4637.jpg	5
train_4638.jpg	8
train_4639.jpg	6
train_4640.jpg	9
train_4641.jpg	9
train_4642.jpg	7
train_4643.jpg	0
train_4644.jpg	0
train_4645.jpg	9
train_4646.jpg	9
train_4647.jpg	8
train_4648.jpg	8
train_4649.jpg	5
train_4650.jpg	7
train_4651.jpg	1
train_4652.jpg	0
train_4653.jpg	0
train_4654.jpg	0
train_4655.jpg	7
train_4656.jpg	3
train_4657.jpg	3
train_4658.jpg	9
train_4659.jpg	5
train_4660.jpg	2
train_4661.jpg	5
train_4662.jpg	7
train_4663.jpg	8
train_4664.jpg	1
train_4665.jpg	3
train_4666.jpg	5
train_4667.jpg	3
train_4668.jpg	4
train_4669.jpg	9
train_4670.jpg	3
train_4671.jpg	5
train_4672.jpg	8
train_4673.jpg	7
train_4674.jpg	7
train_4675.jpg	5
train_4676.jpg	1
train_4677.jpg	8
train_4678.jpg	7
train_4679.jpg	6
train_4680.jpg	1
train_4681.jpg	9
train_4682.jpg	9
train_4683.jpg	9
train_4684.jpg	4
train_4685.jpg	3
train_4686.jpg	4
train_4687.jpg	0
train_4688.jpg	1
train_4689.jpg	5
train_4690.jpg	1
train_4691.jpg	4
train_4692.jpg	2
train_4693.jpg	8
train_4694.jpg	4
train_4695.jpg	0
train_4696.jpg	9
train_4697.jpg	8
train_4698.jpg	1
train_4699.jpg	4
train_4700.jpg	4
train_4701.jpg	8
train_4702.jpg	1
train_4703.jpg	8
train_4704.jpg	7
train_4705.jpg	9
train_4706.jpg	5
train_4707.jpg	2
train_4708.jpg	6
train_4709.jpg	1
train_4710.jpg	1
train_4711.jpg	4
train_4712.jpg	7
train_4713.jpg	1
train_4714.jpg	5
train_4715.jpg	2
train_4716.jpg	6
train_4717.jpg	5
train_4718.jpg	9
train_4719.jpg	8
train_4720.jpg	3
train_4721.jpg	1
train_4722.jpg	4
train_4723.jpg	0
train_4724.jpg	9
train_4725.jpg	7
train_4726.jpg	6
train_4727.jpg	9
train_4728.jpg	1
train_4729.jpg	2
train_4730.jpg	3
train_4731.jpg	4
train_4732.jpg	5
train_4733.jpg	4
train_4734.jpg	9
train_4735.jpg	9
train_4736.jpg	3
train_4737.jpg	4
train_4738.jpg	3
train_4739.jpg	2
train_4740.jpg	6
train_4741.jpg	4
train_4742.jpg	6
train_4743.jpg	2
train_4744.jpg	8
train_4745.jpg	4
train_4746.jpg	9
train_4747.jpg	0
train_4748.jpg	2
train_4749.jpg	4
train_4750.jpg	2
train_4751.jpg	6
train_4752.jpg	8
train_4753.jpg	0
train_4754.jpg	6
train_4755.jpg	2
train_4756.jpg	7
train_4757.jpg	5
train_4758.jpg	2
train_4759.jpg	5
train_4760.jpg	0
train_4761.jpg	8
train_4762.jpg	6
train_4763.jpg	2
train_4764.jpg	1
train_4765.jpg	2
train_4766.jpg	6
train_4767.jpg	9
train_4768.jpg	7
train_4769.jpg	4
train_4770.jpg	4
train_4771.jpg	7
train_4772.jpg	9
train_4773.jpg	1
train_4774.jpg	4
train_4775.jpg	5
train_4776.jpg	3
train_4777.jpg	7
train_4778.jpg	5
train_4779.jpg	0
train_4780.jpg	2
train_4781.jpg	0
train_4782.jpg	5
train_4783.jpg	3
train_4784.jpg	2
train_4785.jpg	0
train_4786.jpg	0
train_4787.jpg	5
train_4788.jpg	8
train_4789.jpg	2
train_4790.jpg	5
train_4791.jpg	9
train_4792.jpg	4
train_4793.jpg	5
train_4794.jpg	7
train_4795.jpg	2
train_4796.jpg	9
train_4797.jpg	0
train_4798.jpg	5
train_4799.jpg	9
train_4800.jpg	7
train_4801.jpg	3
train_4802.jpg	5
train_4803.jpg	8
train_4804.jpg	4
train_4805.jpg	9
train_4806.jpg	8
train_4807.jpg	2
train_4808.jpg	7
train_4809.jpg	2
train_4810.jpg	8
train_4811.jpg	6
train_4812.jpg	5
train_4813.jpg	8
train_4814.jpg	9
train_4815.jpg	6
train_4816.jpg	6
train_4817.jpg	3
train_4818.jpg	6
train_4819.jpg	9
train_4820.jpg	1
train_4821.jpg	7
train_4822.jpg	7
train_4823.jpg	1
train_4824.jpg	5
train_4825.jpg	9
train_4826.jpg	5
train_4827.jpg	6
train_4828.jpg	0
train_4829.jpg	3
train_4830.jpg	7
train_4831.jpg	6
train_4832.jpg	5
train_4833.jpg	0
train_4834.jpg	9
train_4835.jpg	7
train_4836.jpg	0
train_4837.jpg	0
train_4838.jpg	8
train_4839.jpg	2
train_4840.jpg	3
train_4841.jpg	3
train_4842.jpg	3
train_4843.jpg	3
train_4844.jpg	3
train_4845.jpg	9
train_4846.jpg	6
train_4847.jpg	8
train_4848.jpg	0
train_4849.jpg	4
train_4850.jpg	3
train_4851.jpg	0
train_4852.jpg	1
train_4853.jpg	4
train_4854.jpg	0
train_4855.jpg	9
train_4856.jpg	2
train_4857.jpg	1
train_4858.jpg	8
train_4859.jpg	6
train_4860.jpg	2
train_4861.jpg	2
train_4862.jpg	6
train_4863.jpg	2
train_4864.jpg	8
train_4865.jpg	2
train_4866.jpg	2
train_4867.jpg	4
train_4868.jpg	3
train_4869.jpg	2
train_4870.jpg	7
train_4871.jpg	1
train_4872.jpg	0
train_4873.jpg	3
train_4874.jpg	8
train_4875.jpg	5
train_4876.jpg	2
train_4877.jpg	4
train_4878.jpg	9
train_4879.jpg	7
train_4880.jpg	8
train_4881.jpg	1
train_4882.jpg	8
train_4883.jpg	4
train_4884.jpg	7
train_4885.jpg	9
train_4886.jpg	6
train_4887.jpg	1
train_4888.jpg	6
train_4889.jpg	8
train_4890.jpg	0
train_4891.jpg	3
train_4892.jpg	4
train_4893.jpg	5
train_4894.jpg	1
train_4895.jpg	1
train_4896.jpg	4
train_4897.jpg	2
train_4898.jpg	2
train_4899.jpg	6
train_4900.jpg	3
train_4901.jpg	1
train_4902.jpg	6
train_4903.jpg	1
train_4904.jpg	9
train_4905.jpg	5
train_4906.jpg	5
train_4907.jpg	5
train_4908.jpg	6
train_4909.jpg	4
train_4910.jpg	7
train_4911.jpg	7
train_4912.jpg	5
train_4913.jpg	1
train_4914.jpg	4
train_4915.jpg	2
train_4916.jpg	6
train_4917.jpg	0
train_4918.jpg	5
train_4919.jpg	8
train_4920.jpg	7
train_4921.jpg	4
train_4922.jpg	3
train_4923.jpg	1
train_4924.jpg	6
train_4925.jpg	4
train_4926.jpg	6
train_4927.jpg	5
train_4928.jpg	9
train_4929.jpg	8
train_4930.jpg	8
train_4931.jpg	7
train_4932.jpg	4
train_4933.jpg	3
train_4934.jpg	7
train_4935.jpg	8
train_4936.jpg	1
train_4937.jpg	2
train_4938.jpg	1
train_4939.jpg	2
train_4940.jpg	3
train_4941.jpg	2
train_4942.jpg	0
train_4943.jpg	2
train_4944.jpg	1
train_4945.jpg	0
train_4946.jpg	8
train_4947.jpg	4
train_4948.jpg	0
train_4949.jpg	3
train_4950.jpg	1
train_4951.jpg	1
train_4952.jpg	5
train_4953.jpg	5
train_4954.jpg	2
train_4955.jpg	4
train_4956.jpg	8
train_4957.jpg	0
train_4958.jpg	7
train_4959.jpg	5
train_4960.jpg	7
train_4961.jpg	1
train_4962.jpg	8
train_4963.jpg	5
train_4964.jpg	5
train_4965.jpg	2
train_4966.jpg	0
train_4967.jpg	3
train_4968.jpg	0
train_4969.jpg	6
train_4970.jpg	4
train_4971.jpg	2
train_4972.jpg	7
train_4973.jpg	8
train_4974.jpg	1
train_4975.jpg	6
train_4976.jpg	6
train_4977.jpg	7
train_4978.jpg	5
train_4979.jpg	1
train_4980.jpg	8
train_4981.jpg	4
train_4982.jpg	9
train_4983.jpg	3
train_4984.jpg	7
train_4985.jpg	5
train_4986.jpg	5
train_4987.jpg	3
train_4988.jpg	4
train_4989.jpg	5
train_4990.jpg	1
train_4991.jpg	6
train_4992.jpg	9
train_4993.jpg	3
train_4994.jpg	4
train_4995.jpg	1
train_4996.jpg	5
train_4997.jpg	1
train_4998.jpg	7
train_4999.jpg	5
